<?xml version='1.0' encoding='UTF-8' ?>
<!--Generado desde Model@ v3.3.1 [4624863ó9048645ó3418377]-->
<DEF_PROCEDIMIENTO id="5" nombre="CONV_UNIV" descripcion="Convocatoria Proyectos Universidades v1" codigo_rpa="22522" clasificacion="A01014190_PRO_000000000000000000000000022522" nivel_qaa="2" sistema="AACID" version="1.0.0" organo="1" organo_competente="1" organo_resuelve="1" organo_tramita="1" motor_tramita="TREW@" informar="S" descrip_ampliada="Convocatoria Proyectos Universidades v1" vigente="S" categoria="P">
<PERFILES_USUARIO>
<PERFIL_USUARIO id="12" nombre="COORDINADOR" descripcion="COORDINADOR"/>
<PERFIL_USUARIO id="16" nombre="DGA" descripcion="DEPARTAMENTO DE GESTIÓN DE AYUDAS"/>
<PERFIL_USUARIO id="13" nombre="VALORADOR" descripcion="VALORADOR"/>
</PERFILES_USUARIO>
<BLOQUES>
<BLOQUE id="463" nombre="GENERAR_EXCL_DEF_CONV_UNIV" descripcion="Tarea para generar documento de exclusion definitva para universidades" tipo="W" informar="N"></BLOQUE>
<BLOQUE id="127" nombre="GENERAR_EXCL_PROV_CONV_UNIV" descripcion="Generar listado exclusiones provisionales " tipo="W" informar="N"></BLOQUE>
<BLOQUE id="867" nombre="GENERAR_DESEST_CONV_UNIV" descripcion="Generar listado de desestimiento " tipo="W" informar="N"></BLOQUE>
<BLOQUE id="539" nombre="GENERAR_LISTADO_PROPUESTAS_PROV_BENEF_SUPLEN_UNIV" descripcion="Tarea para generar documento con listado de propuestas provisionales de beneficiarios y suplentes" tipo="W" informar="N"></BLOQUE>
<BLOQUE id="128" nombre="GENERAR_SUB_CONV_UNIV" descripcion="Tarea para generacion de listado de subsanaciones" tipo="W" informar="N"></BLOQUE>
<BLOQUE id="466" nombre="GENERAR_SUB_CONV_UNIV_ALE" descripcion="Generar listado de subsanaciones " tipo="W" informar="N"></BLOQUE>
<BLOQUE id="868" nombre="GENERAR_LIST_RESOLUCION_DEFINITIVA_UNIV" descripcion="Tarea para generar documento con listado de solicitudes con resolucion definitiva de universidades." tipo="W" informar="N"></BLOQUE>
<BLOQUE id="869" nombre="LISTAR_HIJOS_CONVOCATORIA_UNIV" descripcion="Lista los expedientes relacionados hijos del expediente padre." tipo="W" informar="N"></BLOQUE>
<BLOQUE id="4" nombre="MODIFICAR_CONVOCATORIA_UNIV" descripcion="Tarea para modificar una convocatoria" tipo="W" informar="N"></BLOQUE>
</BLOQUES>
<RAZONES_INTERES_DEFPROC>
<RAZON_INTERES id="3" abreviatura="REPLEGAL" descripcion="REPRESENTANTE" obsoleto="N" cardinalidad_minima="0" cardinalidad_maxima="1" comentario="" oblig_rel_app_elec="N"/>
<RAZON_INTERES id="1" abreviatura="SOLICITANT" descripcion="SOLICITANTE" obsoleto="N" cardinalidad_minima="1" cardinalidad_maxima="1" comentario="" oblig_rel_app_elec="N"/>
</RAZONES_INTERES_DEFPROC>
<TIPOS_DOCUMENTOS>
<TIPO_DOCUMENTO id="999" etiqueta="A_C_R_DEF_U" nombre="ANEXO_LISTADO_RESOLUCION_DEFINITIVA_UNIV" descripcion="Anexo con listado de solicitudes con resoluciones definitivas universidades" cons_valida="N" ent_sal="E" inc_gen="I" multiple="N" fecha_firma="N" informar="S" archivable="N" versionable="N" reutilizable="N" registrable="S" notificable="N" administrativo="S" td_editable="S" modogen="R" clase_doc="G" tipo_eni="TD99" fusionar="N" firma_digital="S" firma_dinamica="N" informacion_publica="N" tipo_firma="C"></TIPO_DOCUMENTO>
<TIPO_DOCUMENTO id="355" etiqueta="DOC_EXC_DEF" nombre="DOCUMENTO_EXCLUSION_DEFINITIVA_CONV_UNIV" descripcion="Tipo de documento de exclusión definitiva de las convocatorias" cons_valida="N" ent_sal="E" inc_gen="I" multiple="N" fecha_firma="N" informar="S" archivable="N" versionable="N" reutilizable="N" registrable="S" notificable="N" administrativo="S" td_editable="S" modogen="R" clase_doc="G" tipo_eni="TD99" fusionar="N" firma_digital="S" firma_dinamica="N" informacion_publica="N" tipo_firma="C"></TIPO_DOCUMENTO>
<TIPO_DOCUMENTO id="356" etiqueta="DOC_LIS_EXP" nombre="DOCUMENTO_EXCLUSION_PROVISIONAL_CONV_UNIV" descripcion="Documento listado de exclusiones provisonales" cons_valida="N" ent_sal="E" inc_gen="I" multiple="N" fecha_firma="N" informar="S" archivable="N" versionable="N" reutilizable="N" registrable="S" notificable="N" administrativo="S" td_editable="S" modogen="R" clase_doc="G" tipo_eni="TD06" fusionar="N" firma_digital="S" firma_dinamica="N" informacion_publica="N" tipo_firma="C"></TIPO_DOCUMENTO>
<TIPO_DOCUMENTO id="233" etiqueta="DOC_LIS_SUB" nombre="DOCUMENTO_SUBSANACION_CONV_UNIV" descripcion="Generar documento listado de subsanaciones" cons_valida="N" ent_sal="E" inc_gen="I" multiple="N" fecha_firma="N" informar="S" archivable="N" versionable="N" reutilizable="N" registrable="S" notificable="N" administrativo="S" td_editable="S" modogen="O" clase_doc="G" tipo_eni="TD99" fusionar="N" firma_digital="S" firma_dinamica="N" informacion_publica="N" tipo_firma="C"></TIPO_DOCUMENTO>
<TIPO_DOCUMENTO id="1000" etiqueta="D_LIS_DES_U" nombre="DOCUMENTO_DESESTIMADAS_CONV_UNIV" descripcion="Documento listado de desestimadas" cons_valida="N" ent_sal="E" inc_gen="I" multiple="N" fecha_firma="N" informar="S" archivable="N" versionable="N" reutilizable="N" registrable="S" notificable="S" administrativo="S" td_editable="S" modogen="R" clase_doc="G" tipo_eni="TD99" fusionar="N" firma_digital="N" firma_dinamica="N" informacion_publica="N" tipo_firma="C"></TIPO_DOCUMENTO>
<TIPO_DOCUMENTO id="760" etiqueta="D_L_BE_SU_U" nombre="DOCUMENTO_LISTA_PROPUESTA_PROVISIONAL_BEN_SUP_UNIV" descripcion="Tipo de documento para anexo de propuesta provisional de beneficiarias y suplentes" cons_valida="N" ent_sal="E" inc_gen="I" multiple="N" fecha_firma="N" informar="S" archivable="N" versionable="N" reutilizable="N" registrable="S" notificable="N" administrativo="S" td_editable="S" modogen="R" clase_doc="G" tipo_eni="TD99" fusionar="N" firma_digital="S" firma_dinamica="N" informacion_publica="N" tipo_firma="C"></TIPO_DOCUMENTO>
</TIPOS_DOCUMENTOS>
<TAREAS>
<TAREA id="1" nombre="ANEXO_LISTADO_RESOLUCION_DEFINITIVA_UNIV" descripcion="Anexo con listado de solicitudes con resoluciones definitivas universidades" tipo="INCORPORAR_DOCUMENTO" tipodoc_bloque_id="999"/>
<TAREA id="2" nombre="DOCUMENTO_EXCLUSION_DEFINITIVA_CONV_UNIV" descripcion="Tipo de documento de exclusión definitiva de las convocatorias" tipo="INCORPORAR_DOCUMENTO" tipodoc_bloque_id="355"/>
<TAREA id="3" nombre="DOCUMENTO_EXCLUSION_PROVISIONAL_CONV_UNIV" descripcion="Documento listado de exclusiones provisonales" tipo="INCORPORAR_DOCUMENTO" tipodoc_bloque_id="356"/>
<TAREA id="4" nombre="DOCUMENTO_SUBSANACION_CONV_UNIV" descripcion="Generar documento listado de subsanaciones" tipo="INCORPORAR_DOCUMENTO" tipodoc_bloque_id="233"/>
<TAREA id="5" nombre="DOCUMENTO_DESESTIMADAS_CONV_UNIV" descripcion="Documento listado de desestimadas" tipo="INCORPORAR_DOCUMENTO" tipodoc_bloque_id="1000"/>
<TAREA id="6" nombre="DOCUMENTO_LISTA_PROPUESTA_PROVISIONAL_BEN_SUP_UNIV" descripcion="Tipo de documento para anexo de propuesta provisional de beneficiarias y suplentes" tipo="INCORPORAR_DOCUMENTO" tipodoc_bloque_id="760"/>
<TAREA id="7" nombre="GENERAR_EXCL_DEF_CONV_UNIV" descripcion="Tarea para generar documento de exclusion definitva para universidades" tipo="MANIPULAR_DATOS" tipodoc_bloque_id="463"/>
<TAREA id="8" nombre="GENERAR_EXCL_PROV_CONV_UNIV" descripcion="Generar listado exclusiones provisionales " tipo="MANIPULAR_DATOS" tipodoc_bloque_id="127"/>
<TAREA id="9" nombre="GENERAR_DESEST_CONV_UNIV" descripcion="Generar listado de desestimiento " tipo="MANIPULAR_DATOS" tipodoc_bloque_id="867"/>
<TAREA id="10" nombre="GENERAR_LISTADO_PROPUESTAS_PROV_BENEF_SUPLEN_UNIV" descripcion="Tarea para generar documento con listado de propuestas provisionales de beneficiarios y suplentes" tipo="MANIPULAR_DATOS" tipodoc_bloque_id="539"/>
<TAREA id="11" nombre="GENERAR_SUB_CONV_UNIV" descripcion="Tarea para generacion de listado de subsanaciones" tipo="MANIPULAR_DATOS" tipodoc_bloque_id="128"/>
<TAREA id="12" nombre="GENERAR_SUB_CONV_UNIV_ALE" descripcion="Generar listado de subsanaciones " tipo="MANIPULAR_DATOS" tipodoc_bloque_id="466"/>
<TAREA id="13" nombre="GENERAR_LIST_RESOLUCION_DEFINITIVA_UNIV" descripcion="Tarea para generar documento con listado de solicitudes con resolucion definitiva de universidades." tipo="MANIPULAR_DATOS" tipodoc_bloque_id="868"/>
<TAREA id="14" nombre="LISTAR_HIJOS_CONVOCATORIA_UNIV" descripcion="Lista los expedientes relacionados hijos del expediente padre." tipo="MANIPULAR_DATOS" tipodoc_bloque_id="869"/>
<TAREA id="15" nombre="MODIFICAR_CONVOCATORIA_UNIV" descripcion="Tarea para modificar una convocatoria" tipo="MANIPULAR_DATOS" tipodoc_bloque_id="4"/>
</TAREAS>
<CONDICIONES>
<CONDICION id="13" nombre="COMPRUEBA_TIENE_CONVOCATORIA" descripcion="Condicion que comprueba que el expediente dado tiene una convocatoria asignada." param_ref_exp="S" param_ref_tran="N" param_ref_docper="N" param_ref_expxfas="N" param_ref_tipevo="N" param_ref_fecha="N" param_ref_usuario="N" param_ref_fase="N" param_ref_tipdoc="N" implementacion="J" paquete="es.juntadeandalucia.aacid.persistenciatramitacionagenda.condiciones.Condiciones" nombre_funcion="comprobarTieneConvocatoria" compleja="N"/>
</CONDICIONES>
<METAFASES>
<METAFASE id="8" nombre="FASES_CONVOCATORIA" descripcion="FASES_CONVOCATORIA" informar="S">
<FASES>
<FASE id="5" nombre="C1. Inicio convocatoria subvención" descripcion="Inicio convocatoria subvención" informar="S" telematica="N" informacion_publica="N"></FASE>
<FASE id="181" nombre="C10. Requerimientos de subsanaciones (2)" descripcion="Requerimientos de subsanaciones (2)" informar="N" telematica="N" informacion_publica="N"></FASE>
<FASE id="182" nombre="C11. Presentación de subsanaciones (2) " descripcion="Presentación de subsanaciones (2)" informar="N" telematica="N" informacion_publica="N"></FASE>
<FASE id="183" nombre="C12. Comprobación de subsanaciones (2)" descripcion="Comprobación de subsanaciones (2)" informar="N" telematica="N" informacion_publica="N"></FASE>
<FASE id="184" nombre="C13. Resolución definitiva solicitudes excluidas" descripcion="Resolución definitiva solicitudes excluidas" informar="N" telematica="N" informacion_publica="N"></FASE>
<FASE id="185" nombre="C14. Valoración de solicitudes" descripcion="Valoración de solicitudes" informar="N" telematica="N" informacion_publica="N"></FASE>
<FASE id="188" nombre="C15. Prop. Prov. Resolucion y de desestimación" descripcion="Resolución provisional y de desestimación" informar="N" telematica="N" informacion_publica="N"></FASE>
<FASE id="189" nombre="C16. Recepción aleg/acep/refor y presentación doc." descripcion="Recepción alegaciones/aceptación/reformulación y presentación de documentos" informar="N" telematica="N" informacion_publica="N"></FASE>
<FASE id="190" nombre="C17. Comprob. aleg/acep/refor. y presentación doc." descripcion="Comprobación alegaciones/aceptación/reformulación y presentación de documentos." informar="N" telematica="N" informacion_publica="N"></FASE>
<FASE id="191" nombre="C18. Requerimiento subsanación a documentos aport." descripcion="Requerimiento subsanación a documentos aportados" informar="N" telematica="N" informacion_publica="N"></FASE>
<FASE id="187" nombre="C.19 Presentación subsanación a documentos aport." descripcion="Presentación subsanación a documentos aportados" informar="N" telematica="N" informacion_publica="N"></FASE>
<FASE id="7" nombre="C2. Presentación de solicitudes" descripcion="Presentación de solicitudes" informar="S" telematica="N" informacion_publica="N"></FASE>
<FASE id="192" nombre="C20.Comprobación subsanación documentos aportados" descripcion="Comprobación subsanación a documentos aportados" informar="N" telematica="N" informacion_publica="N"></FASE>
<FASE id="193" nombre="C21. Resolución definitiva concesión desestimación" descripcion="Resolución definitiva concesión y desestimación" informar="N" telematica="N" informacion_publica="N"></FASE>
<FASE id="32" nombre="C3. Comprobación requisitos" descripcion="Comprobación de requisitos" informar="S" telematica="N" informacion_publica="N"></FASE>
<FASE id="127" nombre="C4. Requerimiento de subsanaciones" descripcion="Requerimiento de subsanación" informar="S" telematica="N" informacion_publica="N"></FASE>
<FASE id="128" nombre="C5. Presentación de subsanaciones" descripcion="Presentación de subsanaciones" informar="S" telematica="N" informacion_publica="N"></FASE>
<FASE id="146" nombre="C6. Comprobación de subsanaciones" descripcion="Comprobación de subsanaciones" informar="N" telematica="N" informacion_publica="N"></FASE>
<FASE id="130" nombre="C7. Relación provisional solicitudes excluidas" descripcion="Relación provisional solicitudes excluidas" informar="S" telematica="N" informacion_publica="N"></FASE>
<FASE id="131" nombre="C8. Presentación de alegaciones" descripcion="Presentación de alegaciones" informar="N" telematica="N" informacion_publica="N"></FASE>
<FASE id="173" nombre="C9. Comprobación de alegaciones" descripcion="Comprobación de alegaciones" informar="S" telematica="N" informacion_publica="N"></FASE>
</FASES>
</METAFASE>
</METAFASES>
<TRANSICIONES>
<TRANSICION id="540" etiqueta="com_ale" descripcion="Comprobación de alegaciones" tipo="N" valida="S" informar="N" etiq_larga="com_ale">
<FASE_INI>
<FASE_ID id="131"/>
</FASE_INI>
<FASES_FIN>
<FASE_ID id="173"/>
</FASES_FIN>
<PERMISOS_TRAMITACION>
<PERFIL_TRANSICION perfil_id="12" permiso="A"/>
</PERMISOS_TRAMITACION></TRANSICION>
<TRANSICION id="802" etiqueta="com_pre_doc" descripcion="Comprobación alegaciones/aceptación/presentación de documentos" tipo="N" valida="S" informar="N" etiq_larga="com_pre_doc">
<FASE_INI>
<FASE_ID id="189"/>
</FASE_INI>
<FASES_FIN>
<FASE_ID id="190"/>
</FASES_FIN>
<PERMISOS_TRAMITACION>
<PERFIL_TRANSICION perfil_id="12" permiso="A"/>
</PERMISOS_TRAMITACION></TRANSICION>
<TRANSICION id="80" etiqueta="com_req" descripcion="Comprobación de requisitos" tipo="N" valida="S" informar="N" etiq_larga="com_req">
<FASE_INI>
<FASE_ID id="7"/>
</FASE_INI>
<FASES_FIN>
<FASE_ID id="32"/>
</FASES_FIN>
<PERMISOS_TRAMITACION>
<PERFIL_TRANSICION perfil_id="12" permiso="A"/>
</PERMISOS_TRAMITACION></TRANSICION>
<TRANSICION id="283" etiqueta="com_sub" descripcion="Comprobación de subsanaciones" tipo="N" valida="S" informar="N" etiq_larga="com_sub">
<FASE_INI>
<FASE_ID id="128"/>
</FASE_INI>
<FASES_FIN>
<FASE_ID id="146"/>
</FASES_FIN>
<PERMISOS_TRAMITACION>
<PERFIL_TRANSICION perfil_id="12" permiso="A"/>
</PERMISOS_TRAMITACION></TRANSICION>
<TRANSICION id="742" etiqueta="com_sub_ale" descripcion="Comprobación de subsanaciones (2)" tipo="N" valida="S" informar="N" etiq_larga="com_sub_ale">
<FASE_INI>
<FASE_ID id="182"/>
</FASE_INI>
<FASES_FIN>
<FASE_ID id="183"/>
</FASES_FIN>
<PERMISOS_TRAMITACION>
<PERFIL_TRANSICION perfil_id="12" permiso="A"/>
</PERMISOS_TRAMITACION></TRANSICION>
<TRANSICION id="800" etiqueta="com_sub_doc" descripcion="Comprobación subsanaciones a documentación aportados" tipo="N" valida="S" informar="N" etiq_larga="com_sub_doc">
<FASE_INI>
<FASE_ID id="187"/>
</FASE_INI>
<FASES_FIN>
<FASE_ID id="192"/>
</FASES_FIN>
<PERMISOS_TRAMITACION>
<PERFIL_TRANSICION perfil_id="12" permiso="A"/>
</PERMISOS_TRAMITACION></TRANSICION>
<TRANSICION id="801" etiqueta="fin_pro_con" descripcion="Fin del procedimiento de convocatoria" tipo="F" valida="S" informar="N" etiq_larga="fin_pro_con">
<FASE_INI>
<FASE_ID id="193"/>
</FASE_INI>
<PERMISOS_TRAMITACION>
<PERFIL_TRANSICION perfil_id="12" permiso="A"/>
</PERMISOS_TRAMITACION></TRANSICION>
<TRANSICION id="25" etiqueta="ini_conv" descripcion="Inicio convocatoria subvención" tipo="I" valida="S" informar="N" etiq_larga="ini_conv">
<FASES_FIN>
<FASE_ID id="5"/>
</FASES_FIN>
<PERMISOS_TRAMITACION>
<PERFIL_TRANSICION perfil_id="12" permiso="A"/>
</PERMISOS_TRAMITACION></TRANSICION>
<TRANSICION id="204" etiqueta="pre_ale" descripcion="Presentación de alegaciones" tipo="N" valida="S" informar="N" etiq_larga="pre_ale">
<FASE_INI>
<FASE_ID id="130"/>
</FASE_INI>
<FASES_FIN>
<FASE_ID id="131"/>
</FASES_FIN>
<PERMISOS_TRAMITACION>
<PERFIL_TRANSICION perfil_id="12" permiso="A"/>
</PERMISOS_TRAMITACION></TRANSICION>
<TRANSICION id="26" etiqueta="pre_sol" descripcion="Presentación de solicitudes" tipo="N" valida="S" informar="N" etiq_larga="pre_sol">
<FASE_INI>
<FASE_ID id="5"/>
</FASE_INI>
<FASES_FIN>
<FASE_ID id="7"/>
</FASES_FIN>
<PERMISOS_TRAMITACION>
<PERFIL_TRANSICION perfil_id="12" permiso="A"/>
</PERMISOS_TRAMITACION></TRANSICION>
<TRANSICION id="207" etiqueta="pre_sub" descripcion="Presentación de subsanaciones" tipo="N" valida="S" informar="N" etiq_larga="com_sub">
<FASE_INI>
<FASE_ID id="127"/>
</FASE_INI>
<FASES_FIN>
<FASE_ID id="128"/>
</FASES_FIN>
<PERMISOS_TRAMITACION>
<PERFIL_TRANSICION perfil_id="12" permiso="A"/>
</PERMISOS_TRAMITACION></TRANSICION>
<TRANSICION id="743" etiqueta="pre_sub_ale" descripcion="Presentación de subsanaciones (2)" tipo="N" valida="S" informar="N" etiq_larga="pre_sub_ale">
<FASE_INI>
<FASE_ID id="181"/>
</FASE_INI>
<FASES_FIN>
<FASE_ID id="182"/>
</FASES_FIN>
<PERMISOS_TRAMITACION>
<PERFIL_TRANSICION perfil_id="12" permiso="A"/>
</PERMISOS_TRAMITACION></TRANSICION>
<TRANSICION id="809" etiqueta="pre_sub_doc" descripcion="Presentación subsanación a documentos aportados" tipo="N" valida="S" informar="N">
<FASE_INI>
<FASE_ID id="191"/>
</FASE_INI>
<FASES_FIN>
<FASE_ID id="187"/>
</FASES_FIN>
<PERMISOS_TRAMITACION>
<PERFIL_TRANSICION perfil_id="12" permiso="A"/>
</PERMISOS_TRAMITACION></TRANSICION>
<TRANSICION id="806" etiqueta="rec_pre_doc" descripcion="Recepción alegaciones/aceptación/reformulación y presentación de documentos" tipo="N" valida="S" informar="N" etiq_larga="rec_pre_doc">
<FASE_INI>
<FASE_ID id="188"/>
</FASE_INI>
<FASES_FIN>
<FASE_ID id="189"/>
</FASES_FIN>
<PERMISOS_TRAMITACION>
<PERFIL_TRANSICION perfil_id="12" permiso="A"/>
</PERMISOS_TRAMITACION></TRANSICION>
<TRANSICION id="196" etiqueta="req_sub" descripcion="Requerimiento de subsanaciones" tipo="N" valida="S" informar="N" etiq_larga="req_sub">
<FASE_INI>
<FASE_ID id="32"/>
</FASE_INI>
<FASES_FIN>
<FASE_ID id="127"/>
</FASES_FIN>
<PERMISOS_TRAMITACION>
<PERFIL_TRANSICION perfil_id="12" permiso="A"/>
</PERMISOS_TRAMITACION></TRANSICION>
<TRANSICION id="911" etiqueta="req_sub_doc" descripcion="Requerimiento subsanación a documentos aportados" tipo="N" valida="S" informar="N" etiq_larga="req_sub_doc">
<FASE_INI>
<FASE_ID id="190"/>
</FASE_INI>
<FASES_FIN>
<FASE_ID id="191"/>
</FASES_FIN>
<PERMISOS_TRAMITACION>
<PERFIL_TRANSICION perfil_id="12" permiso="A"/>
</PERMISOS_TRAMITACION></TRANSICION>
<TRANSICION id="803" etiqueta="res_def" descripcion="Resolución definitiva concesión y desestimación" tipo="N" valida="S" informar="N" etiq_larga="res_def">
<FASE_INI>
<FASE_ID id="192"/>
</FASE_INI>
<FASES_FIN>
<FASE_ID id="193"/>
</FASES_FIN>
<PERMISOS_TRAMITACION>
<PERFIL_TRANSICION perfil_id="12" permiso="A"/>
</PERMISOS_TRAMITACION></TRANSICION>
<TRANSICION id="736" etiqueta="res_def_exc" descripcion="Requerimientos de subsanaciones (2)" tipo="N" valida="S" informar="N" etiq_larga="res_def_exc">
<FASE_INI>
<FASE_ID id="173"/>
</FASE_INI>
<FASES_FIN>
<FASE_ID id="181"/>
</FASES_FIN>
<PERMISOS_TRAMITACION>
<PERFIL_TRANSICION perfil_id="12" permiso="A"/>
</PERMISOS_TRAMITACION></TRANSICION>
<TRANSICION id="744" etiqueta="res_des_req" descripcion="Resolución definitiva solicitudes excluidas" tipo="N" valida="S" informar="N">
<FASE_INI>
<FASE_ID id="183"/>
</FASE_INI>
<FASES_FIN>
<FASE_ID id="184"/>
</FASES_FIN>
<PERMISOS_TRAMITACION>
<PERFIL_TRANSICION perfil_id="12" permiso="A"/>
</PERMISOS_TRAMITACION></TRANSICION>
<TRANSICION id="282" etiqueta="res_pro_exc" descripcion="Relación provisional solicitudes excluidas" tipo="N" valida="S" informar="N" etiq_larga="res_pro_exc">
<FASE_INI>
<FASE_ID id="146"/>
</FASE_INI>
<FASES_FIN>
<FASE_ID id="130"/>
</FASES_FIN>
<PERMISOS_TRAMITACION>
<PERFIL_TRANSICION perfil_id="12" permiso="A"/>
</PERMISOS_TRAMITACION></TRANSICION>
<TRANSICION id="811" etiqueta="res_pro_pro" descripcion="Propuesta provisional Resolución y desestimación" tipo="N" valida="S" informar="N" etiq_larga="res_pro_pro">
<FASE_INI>
<FASE_ID id="185"/>
</FASE_INI>
<FASES_FIN>
<FASE_ID id="188"/>
</FASES_FIN>
<PERMISOS_TRAMITACION>
<PERFIL_TRANSICION perfil_id="12" permiso="A"/>
</PERMISOS_TRAMITACION></TRANSICION>
<TRANSICION id="810" etiqueta="val_sol" descripcion="Valoración de solicitudes" tipo="N" valida="S" informar="N" etiq_larga="val_sol_1">
<FASE_INI>
<FASE_ID id="184"/>
</FASE_INI>
<FASES_FIN>
<FASE_ID id="185"/>
</FASES_FIN>
<PERMISOS_TRAMITACION>
<PERFIL_TRANSICION perfil_id="12" permiso="A"/>
</PERMISOS_TRAMITACION></TRANSICION>
</TRANSICIONES>
<TAREAS_FASE>
<TAREA_FASE id="1" etiqueta="A_C_R_DEF_U" descripcion="Anexo con listado de solicitudes con resoluciones definitivas universidades" obligatoria="N" tarea_id="1" fase_id="193" valida="S" informar="S">
<PERMISOS_TRAMITACION>
<PERFIL_TAREA perfil_id="12" permiso="T"/></PERMISOS_TRAMITACION>
</TAREA_FASE><TAREA_FASE id="2" etiqueta="DOC_EXC_DEF" descripcion="Tipo de documento de exclusión definitiva de las convocatorias" obligatoria="S" tarea_id="2" fase_id="184" valida="S" informar="S">
<PERMISOS_TRAMITACION>
<PERFIL_TAREA perfil_id="12" permiso="T"/><PERFIL_TAREA perfil_id="16" permiso="T"/><PERFIL_TAREA perfil_id="13" permiso="T"/></PERMISOS_TRAMITACION>
</TAREA_FASE><TAREA_FASE id="3" etiqueta="DOC_LIS_EXP" descripcion="Documento listado de exclusiones provisonales" obligatoria="S" tarea_id="3" fase_id="130" valida="S" informar="N">
<PERMISOS_TRAMITACION>
<PERFIL_TAREA perfil_id="12" permiso="T"/><PERFIL_TAREA perfil_id="13" permiso="T"/><PERFIL_TAREA perfil_id="16" permiso="T"/></PERMISOS_TRAMITACION>
</TAREA_FASE><TAREA_FASE id="4" etiqueta="DOC_LIS_SUB" descripcion="Generar documento listado de subsanaciones" obligatoria="S" tarea_id="4" fase_id="127" valida="S" informar="S">
<PERMISOS_TRAMITACION>
<PERFIL_TAREA perfil_id="12" permiso="T"/><PERFIL_TAREA perfil_id="13" permiso="T"/><PERFIL_TAREA perfil_id="16" permiso="T"/></PERMISOS_TRAMITACION>
</TAREA_FASE><TAREA_FASE id="5" etiqueta="DOC_LIS_SUB" descripcion="Generar documento listado de subsanaciones" obligatoria="N" tarea_id="4" fase_id="181" valida="S" informar="S">
<PERMISOS_TRAMITACION>
<PERFIL_TAREA perfil_id="12" permiso="T"/><PERFIL_TAREA perfil_id="13" permiso="T"/><PERFIL_TAREA perfil_id="16" permiso="T"/></PERMISOS_TRAMITACION>
</TAREA_FASE><TAREA_FASE id="6" etiqueta="D_LIS_DES_U" descripcion="Documento listado de desestimadas" obligatoria="S" tarea_id="5" fase_id="188" valida="S" informar="S">
<PERMISOS_TRAMITACION>
<PERFIL_TAREA perfil_id="12" permiso="T"/><PERFIL_TAREA perfil_id="13" permiso="T"/><PERFIL_TAREA perfil_id="16" permiso="T"/></PERMISOS_TRAMITACION>
</TAREA_FASE><TAREA_FASE id="7" etiqueta="D_L_BE_SU_U" descripcion="Tipo de documento para anexo de propuesta provisional de beneficiarias y suplentes" obligatoria="S" tarea_id="6" fase_id="188" valida="S" informar="S">
<PERMISOS_TRAMITACION>
<PERFIL_TAREA perfil_id="12" permiso="T"/><PERFIL_TAREA perfil_id="13" permiso="T"/><PERFIL_TAREA perfil_id="16" permiso="T"/></PERMISOS_TRAMITACION>
</TAREA_FASE><TAREA_FASE id="8" etiqueta="GEN_EXC_DEF" descripcion="Tarea para generar documento de exclusion definitva para universidades" obligatoria="N" tarea_id="7" fase_id="184" valida="S" informar="N">
<PERMISOS_TRAMITACION>
<PERFIL_TAREA perfil_id="12"/><PERFIL_TAREA perfil_id="13"/><PERFIL_TAREA perfil_id="16"/></PERMISOS_TRAMITACION>
</TAREA_FASE><TAREA_FASE id="9" etiqueta="GEN_LIS_EXC" descripcion="Generar listado exclusiones provisionales " obligatoria="N" tarea_id="8" fase_id="130" valida="S" informar="N">
<PERMISOS_TRAMITACION>
<PERFIL_TAREA perfil_id="16"/><PERFIL_TAREA perfil_id="12"/><PERFIL_TAREA perfil_id="13"/></PERMISOS_TRAMITACION>
</TAREA_FASE><TAREA_FASE id="10" etiqueta="G_LIS_DES_U" descripcion="Generar listado de desestimiento " obligatoria="N" tarea_id="9" fase_id="188" valida="S" informar="N">
<PERMISOS_TRAMITACION>
<PERFIL_TAREA perfil_id="12"/><PERFIL_TAREA perfil_id="16"/><PERFIL_TAREA perfil_id="13"/></PERMISOS_TRAMITACION>
</TAREA_FASE><TAREA_FASE id="11" etiqueta="G_LIS_PBS_U" descripcion="Tarea para generar documento con listado de propuestas provisionales de beneficiarios y suplentes" obligatoria="N" tarea_id="10" fase_id="188" valida="S" informar="N">
<PERMISOS_TRAMITACION>
<PERFIL_TAREA perfil_id="12"/><PERFIL_TAREA perfil_id="16"/><PERFIL_TAREA perfil_id="13"/></PERMISOS_TRAMITACION>
</TAREA_FASE><TAREA_FASE id="12" etiqueta="G_LIS_SUB_U" descripcion="Tarea para generacion de listado de subsanaciones" obligatoria="N" tarea_id="11" fase_id="127" valida="S" informar="N">
<PERMISOS_TRAMITACION>
<PERFIL_TAREA perfil_id="12"/><PERFIL_TAREA perfil_id="16"/><PERFIL_TAREA perfil_id="13"/></PERMISOS_TRAMITACION>
</TAREA_FASE><TAREA_FASE id="13" etiqueta="G_LIS_S_A_U" descripcion="Generar listado de subsanaciones " obligatoria="N" tarea_id="12" fase_id="181" valida="S" informar="N">
<PERMISOS_TRAMITACION>
<PERFIL_TAREA perfil_id="12"/><PERFIL_TAREA perfil_id="16"/><PERFIL_TAREA perfil_id="13"/></PERMISOS_TRAMITACION>
</TAREA_FASE><TAREA_FASE id="14" etiqueta="g_c_d_r_d_u" descripcion="Tarea para generar documento con listado de solicitudes con resolucion definitiva de universidades." obligatoria="N" tarea_id="13" fase_id="193" valida="S" informar="N">
<PERMISOS_TRAMITACION>
<PERFIL_TAREA perfil_id="12"/></PERMISOS_TRAMITACION>
</TAREA_FASE><TAREA_FASE id="15" etiqueta="list_h_co_u" descripcion="Lista los expedientes relacionados hijos del expediente padre." obligatoria="N" tarea_id="14" fase_id="7" valida="N" informar="N">
<PERMISOS_TRAMITACION>
<PERFIL_TAREA perfil_id="12"/></PERMISOS_TRAMITACION>
</TAREA_FASE><TAREA_FASE id="16" etiqueta="tar_mod_con" descripcion="Tarea para modificar una convocatoria" obligatoria="S" tarea_id="15" fase_id="5" valida="S" informar="N">
<PERMISOS_TRAMITACION>
<PERFIL_TAREA perfil_id="12"/></PERMISOS_TRAMITACION>
</TAREA_FASE>
</TAREAS_FASE>
<CONDICIONES_TRAMITACION>
<CONDICIONES_TRANSICION>
<CONDICION_TRANSICION id="1" obligatoria="S" condicion_id="13" transicion_id="26" comprobar="A" mostrar_msj="A" valida="S"/>
</CONDICIONES_TRANSICION>
</CONDICIONES_TRAMITACION>
<RAZONES_INTERES_DOCUMENTOS>
<RAZONES_INTERES_TAREAS>
<RAZON_INTERES_TAREA id="5" razoninteres_id="1" tareafase_id="3" cardinalidad_minima="1" cardinalidad_maxima="1" firma_minima="0" firma_maxima="1" editar="S" telematica="S"/>
</RAZONES_INTERES_TAREAS>
<RAZONES_INTERES_TAREAS>
<RAZON_INTERES_TAREA id="2" razoninteres_id="3" tareafase_id="4" cardinalidad_minima="0" cardinalidad_maxima="1" firma_minima="0" firma_maxima="1" editar="S" telematica="S"/>
<RAZON_INTERES_TAREA id="3" razoninteres_id="1" tareafase_id="4" cardinalidad_minima="1" cardinalidad_maxima="1" firma_minima="0" firma_maxima="1" editar="S" telematica="S"/>
</RAZONES_INTERES_TAREAS>
<RAZONES_INTERES_TAREAS>
<RAZON_INTERES_TAREA id="1" razoninteres_id="3" tareafase_id="5" cardinalidad_minima="0" cardinalidad_maxima="1" firma_minima="0" firma_maxima="1" editar="S" telematica="S"/>
<RAZON_INTERES_TAREA id="4" razoninteres_id="1" tareafase_id="5" cardinalidad_minima="1" cardinalidad_maxima="1" firma_minima="0" firma_maxima="1" editar="S" telematica="S"/>
</RAZONES_INTERES_TAREAS>
</RAZONES_INTERES_DOCUMENTOS>
<ORGANISMOS>
<ORGANISMO id="1" codigo="AACID" nombre="Agencia Andaluza de Cooperación" nombre_largo="Agencia Andaluza de Cooperación Internacional para el Desarrollo" tipo="SC"/>
</ORGANISMOS>
<DEFPROC_GR id="113" titulo="Convocatoria Proyectos Universidades v1">
<GRAFICOS_METAFASE>
<METAFASE_GR id="256" metafase_id="8" xizq="0" yarr="0" ancho="50" alto="50" color_fondo="-16711936" color_texto="-16777216"></METAFASE_GR>
</GRAFICOS_METAFASE>
<GRAFICOS_EXTREMOS_TRANSICION>
<EXTREMOTRAN_GR id="2025" tipo="FA" fase_id="5" xizq="-94" yarr="-108" ancho="320" alto="84"/>
<EXTREMOTRAN_GR id="2047" tipo="FA" fase_id="187" xizq="809" yarr="279" ancho="292" alto="63"/>
<EXTREMOTRAN_GR id="2027" tipo="FA" fase_id="7" xizq="-93" yarr="26" ancho="322" alto="78"/>
<EXTREMOTRAN_GR id="2028" tipo="FA" fase_id="173" xizq="-93" yarr="888" ancho="316" alto="75"/>
<EXTREMOTRAN_GR id="2029" tipo="FA" fase_id="127" xizq="-99" yarr="268" ancho="317" alto="78"/>
<EXTREMOTRAN_GR id="2030" tipo="FA" fase_id="128" xizq="-98" yarr="387" ancho="317" alto="71"/>
<EXTREMOTRAN_GR id="2031" tipo="FA" fase_id="130" xizq="-101" yarr="626" ancho="333" alto="87"/>
<EXTREMOTRAN_GR id="2032" tipo="FA" fase_id="32" xizq="-93" yarr="146" ancho="320" alto="68"/>
<EXTREMOTRAN_GR id="2033" tipo="FA" fase_id="184" xizq="382" yarr="563" ancho="315" alto="78"/>
<EXTREMOTRAN_GR id="2034" tipo="FA" fase_id="185" xizq="385" yarr="464" ancho="316" alto="67"/>
<EXTREMOTRAN_GR id="2035" tipo="FA" fase_id="188" xizq="380" yarr="349" ancho="324" alto="84"/>
<EXTREMOTRAN_GR id="2036" tipo="FA" fase_id="189" xizq="386" yarr="262" ancho="322" alto="68"/>
<EXTREMOTRAN_GR id="2037" tipo="FA" fase_id="190" xizq="395" yarr="170" ancho="316" alto="68"/>
<EXTREMOTRAN_GR id="2038" tipo="FA" fase_id="192" xizq="813" yarr="377" ancho="282" alto="75"/>
<EXTREMOTRAN_GR id="2039" tipo="FA" fase_id="193" xizq="809" yarr="490" ancho="304" alto="78"/>
<EXTREMOTRAN_GR id="2040" tipo="I" fase_id="5" xizq="5" yarr="-211" ancho="53" alto="53"/>
<EXTREMOTRAN_GR id="2041" tipo="FA" fase_id="182" xizq="392" yarr="773" ancho="315" alto="77"/>
<EXTREMOTRAN_GR id="2042" tipo="FA" fase_id="131" xizq="-94" yarr="774" ancho="321" alto="72"/>
<EXTREMOTRAN_GR id="2043" tipo="FA" fase_id="183" xizq="395" yarr="670" ancho="315" alto="73"/>
<EXTREMOTRAN_GR id="2044" tipo="FA" fase_id="146" xizq="-94" yarr="500" ancho="322" alto="75"/>
<EXTREMOTRAN_GR id="2045" tipo="FA" fase_id="181" xizq="393" yarr="879" ancho="311" alto="78"/>
<EXTREMOTRAN_GR id="2046" tipo="FA" fase_id="191" xizq="810" yarr="171" ancho="293" alto="73"/>
<EXTREMOTRAN_GR id="2026" tipo="F" fase_id="193" xizq="928" yarr="604" ancho="53" alto="53"/>
</GRAFICOS_EXTREMOS_TRANSICION>
<GRAFICOS_TRANSICION>
<TRANSICION_GR id="2269" transicion_id="25" extremotran_ini="2040" extremotran_fin="2025" color_linea="-16777216" color_texto="-16777216">
<NODOS_TRANSICION>
<NODO_TRANGR id="12988" x="32" y="-158" orden="0"/><NODO_TRANGR id="12989" x="29" y="-108" orden="1"/>
</NODOS_TRANSICION>
</TRANSICION_GR>
<TRANSICION_GR id="2270" transicion_id="26" extremotran_ini="2025" extremotran_fin="2027" color_linea="-16777216" color_texto="-16777216">
<NODOS_TRANSICION>
<NODO_TRANGR id="12990" x="29" y="-24" orden="0"/><NODO_TRANGR id="12991" x="33" y="26" orden="1"/>
</NODOS_TRANSICION>
</TRANSICION_GR>
<TRANSICION_GR id="2268" transicion_id="80" extremotran_ini="2027" extremotran_fin="2032" color_linea="-16777216" color_texto="-16777216">
<NODOS_TRANSICION>
<NODO_TRANGR id="12992" x="27" y="104" orden="0"/><NODO_TRANGR id="12993" x="27" y="146" orden="1"/>
</NODOS_TRANSICION>
</TRANSICION_GR>
<TRANSICION_GR id="2276" transicion_id="196" extremotran_ini="2032" extremotran_fin="2029" color_linea="-16777216" color_texto="-16777216">
<NODOS_TRANSICION>
<NODO_TRANGR id="12994" x="16" y="214" orden="0"/><NODO_TRANGR id="12995" x="14" y="268" orden="1"/>
</NODOS_TRANSICION>
</TRANSICION_GR>
<TRANSICION_GR id="2278" transicion_id="204" extremotran_ini="2031" extremotran_fin="2042" color_linea="-16777216" color_texto="-16777216">
<NODOS_TRANSICION>
<NODO_TRANGR id="12996" x="31" y="713" orden="0"/><NODO_TRANGR id="12997" x="32" y="774" orden="1"/>
</NODOS_TRANSICION>
</TRANSICION_GR>
<TRANSICION_GR id="2271" transicion_id="207" extremotran_ini="2029" extremotran_fin="2030" color_linea="-16777216" color_texto="-16777216">
<NODOS_TRANSICION>
<NODO_TRANGR id="12998" x="7" y="346" orden="0"/><NODO_TRANGR id="12999" x="8" y="387" orden="1"/>
</NODOS_TRANSICION>
</TRANSICION_GR>
<TRANSICION_GR id="2280" transicion_id="282" extremotran_ini="2044" extremotran_fin="2031" color_linea="-16777216" color_texto="-16777216">
<NODOS_TRANSICION>
<NODO_TRANGR id="13000" x="27" y="575" orden="0"/><NODO_TRANGR id="13001" x="26" y="626" orden="1"/>
</NODOS_TRANSICION>
</TRANSICION_GR>
<TRANSICION_GR id="2281" transicion_id="283" extremotran_ini="2030" extremotran_fin="2044" color_linea="-16777216" color_texto="-16777216">
<NODOS_TRANSICION>
<NODO_TRANGR id="13002" x="21" y="458" orden="0"/><NODO_TRANGR id="13003" x="18" y="500" orden="1"/>
</NODOS_TRANSICION>
</TRANSICION_GR>
<TRANSICION_GR id="2277" transicion_id="540" extremotran_ini="2042" extremotran_fin="2028" color_linea="-16777216" color_texto="-16777216">
<NODOS_TRANSICION>
<NODO_TRANGR id="13004" x="32" y="846" orden="0"/><NODO_TRANGR id="13005" x="35" y="888" orden="1"/>
</NODOS_TRANSICION>
</TRANSICION_GR>
<TRANSICION_GR id="2286" transicion_id="736" extremotran_ini="2028" extremotran_fin="2045" color_linea="-16777216" color_texto="-16777216">
<NODOS_TRANSICION>
<NODO_TRANGR id="13006" x="223" y="927" orden="0"/><NODO_TRANGR id="13007" x="393" y="929" orden="1"/>
</NODOS_TRANSICION>
</TRANSICION_GR>
<TRANSICION_GR id="2279" transicion_id="742" extremotran_ini="2041" extremotran_fin="2043" color_linea="-16777216" color_texto="-16777216">
<NODOS_TRANSICION>
<NODO_TRANGR id="13008" x="543" y="773" orden="0"/><NODO_TRANGR id="13009" x="541" y="743" orden="1"/>
</NODOS_TRANSICION>
</TRANSICION_GR>
<TRANSICION_GR id="2282" transicion_id="743" extremotran_ini="2045" extremotran_fin="2041" color_linea="-16777216" color_texto="-16777216">
<NODOS_TRANSICION>
<NODO_TRANGR id="13010" x="539" y="879" orden="0"/><NODO_TRANGR id="13011" x="538" y="850" orden="1"/>
</NODOS_TRANSICION>
</TRANSICION_GR>
<TRANSICION_GR id="2287" transicion_id="744" extremotran_ini="2043" extremotran_fin="2033" color_linea="-16777216" color_texto="-16777216">
<NODOS_TRANSICION>
<NODO_TRANGR id="13012" x="539" y="670" orden="0"/><NODO_TRANGR id="13013" x="532" y="641" orden="1"/>
</NODOS_TRANSICION>
</TRANSICION_GR>
<TRANSICION_GR id="2285" transicion_id="800" extremotran_ini="2047" extremotran_fin="2038" color_linea="-16777216" color_texto="-16777216">
<NODOS_TRANSICION>
<NODO_TRANGR id="13014" x="953" y="342" orden="0"/><NODO_TRANGR id="13015" x="950" y="377" orden="1"/>
</NODOS_TRANSICION>
</TRANSICION_GR>
<TRANSICION_GR id="2272" transicion_id="801" extremotran_ini="2039" extremotran_fin="2026" color_linea="-16777216" color_texto="-16777216">
<NODOS_TRANSICION>
<NODO_TRANGR id="13016" x="953" y="568" orden="0"/><NODO_TRANGR id="13017" x="952" y="604" orden="1"/>
</NODOS_TRANSICION>
</TRANSICION_GR>
<TRANSICION_GR id="2273" transicion_id="802" extremotran_ini="2036" extremotran_fin="2037" color_linea="-16777216" color_texto="-16777216">
<NODOS_TRANSICION>
<NODO_TRANGR id="13018" x="529" y="262" orden="0"/><NODO_TRANGR id="13019" x="535" y="238" orden="1"/>
</NODOS_TRANSICION>
</TRANSICION_GR>
<TRANSICION_GR id="2274" transicion_id="803" extremotran_ini="2038" extremotran_fin="2039" color_linea="-16777216" color_texto="-16777216">
<NODOS_TRANSICION>
<NODO_TRANGR id="13020" x="956" y="452" orden="0"/><NODO_TRANGR id="13021" x="954" y="490" orden="1"/>
</NODOS_TRANSICION>
</TRANSICION_GR>
<TRANSICION_GR id="2275" transicion_id="806" extremotran_ini="2035" extremotran_fin="2036" color_linea="-16777216" color_texto="-16777216">
<NODOS_TRANSICION>
<NODO_TRANGR id="13022" x="529" y="349" orden="0"/><NODO_TRANGR id="13023" x="534" y="330" orden="1"/>
</NODOS_TRANSICION>
</TRANSICION_GR>
<TRANSICION_GR id="2284" transicion_id="809" extremotran_ini="2046" extremotran_fin="2047" color_linea="-16777216" color_texto="-16777216">
<NODOS_TRANSICION>
<NODO_TRANGR id="13024" x="954" y="244" orden="0"/><NODO_TRANGR id="13025" x="949" y="279" orden="1"/>
</NODOS_TRANSICION>
</TRANSICION_GR>
<TRANSICION_GR id="2288" transicion_id="810" extremotran_ini="2033" extremotran_fin="2034" color_linea="-16777216" color_texto="-16777216">
<NODOS_TRANSICION>
<NODO_TRANGR id="13026" x="523" y="563" orden="0"/><NODO_TRANGR id="13027" x="526" y="531" orden="1"/>
</NODOS_TRANSICION>
</TRANSICION_GR>
<TRANSICION_GR id="2289" transicion_id="811" extremotran_ini="2034" extremotran_fin="2035" color_linea="-16777216" color_texto="-16777216">
<NODOS_TRANSICION>
<NODO_TRANGR id="13028" x="524" y="464" orden="0"/><NODO_TRANGR id="13029" x="523" y="433" orden="1"/>
</NODOS_TRANSICION>
</TRANSICION_GR>
<TRANSICION_GR id="2283" transicion_id="911" extremotran_ini="2037" extremotran_fin="2046" color_linea="-16777216" color_texto="-16777216">
<NODOS_TRANSICION>
<NODO_TRANGR id="13030" x="711" y="209" orden="0"/><NODO_TRANGR id="13031" x="810" y="207" orden="1"/>
</NODOS_TRANSICION>
</TRANSICION_GR>
</GRAFICOS_TRANSICION>
<GRAFICOS_POST_IT>
</GRAFICOS_POST_IT>
</DEFPROC_GR>
</DEF_PROCEDIMIENTO>
