<assembly>
   <id>modulo-vertical-pt</id>
   <formats>
      <format>zip</format>
   </formats>
   <includeBaseDirectory>false</includeBaseDirectory>
   
   <dependencySets>   
        <dependencySet>   
           <outputDirectory>/lib</outputDirectory>
           
           <includes> 
              <include>*:jar</include>
           </includes> 
        </dependencySet>   
   </dependencySets> 
   
   <fileSets>
      <fileSet>
         <directory>${project.basedir}/src/main/resources</directory>
         <outputDirectory>/</outputDirectory>
         <includes>
            <include>webapp/**</include>
            <include>despliegue.xml</include>
            <include>conf/**</include>
            <include>lib/**</include>
         </includes>
      </fileSet>
      <fileSet>
         <directory>${project.basedir}/src/main/webapp</directory>
         <outputDirectory>webapp</outputDirectory>
         <includes>
            <include>**</include>
         </includes>
      </fileSet>
   </fileSets>
</assembly>

