<beans xmlns="http://www.springframework.org/schema/beans"
    xmlns:xsi="http://www.w3.org/2001/XMLSchema-instance" 
    xmlns:util="http://www.springframework.org/schema/util"
    xmlns:aop="http://www.springframework.org/schema/aop" 
    xmlns:tx="http://www.springframework.org/schema/tx"
    xsi:schemaLocation="
               http://www.springframework.org/schema/beans http://www.springframework.org/schema/beans/spring-beans-2.5.xsd
               http://www.springframework.org/schema/util http://www.springframework.org/schema/util/spring-util-2.5.xsd
               http://www.springframework.org/schema/aop http://www.springframework.org/schema/aop/spring-aop-2.5.xsd
               http://www.springframework.org/schema/tx http://www.springframework.org/schema/tx/spring-tx-2.5.xsd"
    xmlns:p="http://www.springframework.org/schema/p">

   <!-- Action -->
   <bean id="portletDatosExpedienteAction" class="es.juntadeandalucia.aacid.portletdatosexpediente.action.PortletDatosExpedienteAction" scope="prototype">
        <property name="portletDatosExpedienteService" ref="portletDatosExpedienteService"/>
        <property name="solicitudService" ref="solicitudService"/>
        <property name="trewaService" ref="trewaService"/>
   </bean> 
    <!-- Fin Action -->
    <!-- Service -->
   <bean id="portletDatosExpedienteService" class="es.juntadeandalucia.aacid.portletdatosexpediente.services.impl.PortletDatosExpedienteServiceImpl">
        <property name="logService" ref="logService"/>
        <property name="reservaService" ref="reservaService" />
        <property name="trewaService" ref="trewaService" />
    </bean>  
    <!-- Fin Service -->
    
</beans>