<?xml version='1.0' encoding='UTF-8' ?>
<!--Generado desde Model@ v3.3.1 [4021620ó7238916ó3217296]-->
<DEF_PROCEDIMIENTO id="55" nombre="CONV_ONGD" descripcion="Convocatoria Proyectos ONGD v1" codigo_rpa="17197" clasificacion="A01014190_PRO_000000000000000000000000017197" nivel_qaa="2" sistema="AACID" version="1.0.0" organo="1" organo_competente="1" organo_resuelve="1" organo_tramita="1" motor_tramita="TREW@" informar="S" descrip_ampliada="Convocatoria Proyectos ONGD v1" vigente="S" categoria="P">
<PERFILES_USUARIO>
<PERFIL_USUARIO id="4" nombre="TR_R_USUARIO" descripcion="Usuario de TREWA"/>
<PERFIL_USUARIO id="54" nombre="COORDINADOR" descripcion="COORDINADOR"/>
<PERFIL_USUARIO id="52" nombre="OEF" descripcion="OPERADOR ECONÓMICO FINANCIERO"/>
<PERFIL_USUARIO id="55" nombre="VALORADOR" descripcion="VALORADOR"/>
</PERFILES_USUARIO>
<PARAMETROS>
<PARAMETRO id="11" nombre="P_EXP" descripcion="IDENTIFICADOR DEL EXPEDIENTE" tipo="C" tamanio="16"/>
</PARAMETROS>
<BLOQUES>
<BLOQUE id="42" nombre="MODIFICAR_CONVOCATORIA" descripcion="Tarea para modificar una convocatoria" tipo="W" informar="N"></BLOQUE>
</BLOQUES>
<VARIABLES>
<VARIABLE id="101" nombre="listaAccionHumanitaria" descripcion="Lista de expedientes proyectos acción humanitaria" paquete="es.juntadeandalucia.aacid.persistenciatramitacionagenda.variables.Variables" nombre_funcion="obtenerListaAccionHumanitaria" implementacion="J">
<PARAMETROS_VARIABLE>
<PARAMETRO_VARIABLE  parametro_id="11" orden="1"/>
</PARAMETROS_VARIABLE>
</VARIABLE>
<VARIABLE id="102" nombre="listaCoopIntDesarrollo" descripcion="Lista de expedientes para proyectos de cooperación internacional para el desarrollo." paquete="es.juntadeandalucia.aacid.persistenciatramitacionagenda.variables.Variables" nombre_funcion="obtenerListaCoopInternacional" implementacion="J">
<PARAMETROS_VARIABLE>
<PARAMETRO_VARIABLE  parametro_id="11" orden="1"/>
</PARAMETROS_VARIABLE>
</VARIABLE>
<VARIABLE id="103" nombre="listaEducacionDesarrollo" descripcion="Lista de expedientes para proyectos de educación para el desarrollo" paquete="es.juntadeandalucia.aacid.persistenciatramitacionagenda.variables.Variables" nombre_funcion="obtenerListaEduacionDesarrollo" implementacion="J">
<PARAMETROS_VARIABLE>
<PARAMETRO_VARIABLE  parametro_id="11" orden="1"/>
</PARAMETROS_VARIABLE>
</VARIABLE>
<VARIABLE id="104" nombre="listaFormacionInnovDesa" descripcion="Lista de proyectos de formación e innovación para el desarrollo" paquete="es.juntadeandalucia.aacid.persistenciatramitacionagenda.variables.Variables" nombre_funcion="obtenerListaFormacionDesarrollo" implementacion="J">
<PARAMETROS_VARIABLE>
<PARAMETRO_VARIABLE  parametro_id="11" orden="1"/>
</PARAMETROS_VARIABLE>
</VARIABLE>
</VARIABLES>
<TIPOS_DOCUMENTOS>
<TIPO_DOCUMENTO id="1383" etiqueta="ANE_VII_SUB" nombre="Anexo VII Subsanación" descripcion="Anexo VII Subsanación" cons_valida="N" ent_sal="S" inc_gen="G" multiple="N" fecha_firma="N" informar="S" archivable="N" versionable="N" reutilizable="N" registrable="S" notificable="N" administrativo="S" td_editable="S" modogen="O" clase_doc="G" tipo_eni="TD99" fusionar="N" firma_digital="S" firma_dinamica="N" tipo_firma="C">
<VARIABLES_TIPDOC>
<VARIABLE_ID id ="101"/>
<VARIABLE_ID id ="102"/>
<VARIABLE_ID id ="103"/>
<VARIABLE_ID id ="104"/>
</VARIABLES_TIPDOC>
<PLANTILLAS_BIN>
<PLANTILLA_BIN id="5883" nombre_fichero="PlantillaListadoSub.odt" ruta_completa="" formato="application/vnd.oasis.opendocument.text" codigo="plantillaListad"/>
</PLANTILLAS_BIN>
</TIPO_DOCUMENTO>
</TIPOS_DOCUMENTOS>
<TAREAS>
<TAREA id="1" nombre="ANEXO VII SUBSANACION" descripcion="ANEXO VII SUBSANACION" tipo="GENERAR_DOCUMENTO" tipodoc_bloque_id="1383"/>
<TAREA id="2" nombre="MODIFICAR_CONVOCATORIA" descripcion="Tarea para modificar una convocatoria" tipo="MANIPULAR_DATOS" tipodoc_bloque_id="42"/>
</TAREAS>
<METAFASES>
<METAFASE id="379" nombre="FASES_CONVOCATORIA" descripcion="FASES_CONVOCATORIA" informar="S">
<FASES>
<FASE id="667" nombre="C.10. Resolución definitiva" descripcion="Resolución definitiva" informar="N" telematica="N"></FASE>
<FASE id="668" nombre="C.9.1. Requerimiento subsanación de documentación" descripcion="Requerimiento subsanación de documentación" informar="N" telematica="N"></FASE>
<FASE id="669" nombre="C.9.2. Comprobar subsanaciones a documentación" descripcion="Comprobar subsanaciones a documentación" informar="N" telematica="N"></FASE>
<FASE id="650" nombre="C1. Inicio convocatoria subvención" descripcion="Inicio convocatoria subvención" informar="S" telematica="N"></FASE>
<FASE id="652" nombre="C2. Presentación de solicitudes" descripcion="Presentación de solicitudes" informar="S" telematica="N"></FASE>
<FASE id="653" nombre="C3. Comprobación requisitos" descripcion="Comprobación requisitos" informar="S" telematica="N"></FASE>
<FASE id="670" nombre="C4. Requerimiento de subsanación" descripcion="Requerimiento de subsanación" informar="S" telematica="N"></FASE>
<FASE id="671" nombre="C5. Comprobación de alegaciones" descripcion="Comprobación de alegaciones" informar="S" telematica="N"></FASE>
<FASE id="655" nombre="C5. Comprobación subsanaciones" descripcion="Comprobación subsanaciones" informar="S" telematica="N"></FASE>
<FASE id="672" nombre="C5.1. Resolución provisional solicitudes excluidas" descripcion="Resolución provisional solicitudes excluidas" informar="S" telematica="N"></FASE>
<FASE id="656" nombre="C6. Resolución definitiva solicitudes excluidas" descripcion="Resolución definitiva solicitudes excluidas" informar="N" telematica="N"></FASE>
<FASE id="673" nombre="C7. Valoración solicitudes" descripcion="Valoración solicitudes" informar="N" telematica="N"></FASE>
<FASE id="674" nombre="C8. Resolución provisional y de desestimación" descripcion="Resolución provisional y de desestimación" informar="N" telematica="N"></FASE>
<FASE id="659" nombre="C9. Validar documentación" descripcion="Validar documentación" informar="N" telematica="N"></FASE>
</FASES>
</METAFASE>
</METAFASES>
<TRANSICIONES>
<TRANSICION id="1124" etiqueta="com_ale" descripcion="Comprobación de alegaciones" tipo="N" valida="S" informar="N" etiq_larga="com_ale">
<FASE_INI>
<FASE_ID id="672"/>
</FASE_INI>
<FASES_FIN>
<FASE_ID id="671"/>
</FASES_FIN>
<PERMISOS_TRAMITACION>
<PERFIL_TRANSICION perfil_id="4" permiso="A"/>
</PERMISOS_TRAMITACION></TRANSICION>
<TRANSICION id="1103" etiqueta="com_req" descripcion="Comprobación de requisitos" tipo="N" valida="S" informar="N" etiq_larga="com_req">
<FASE_INI>
<FASE_ID id="652"/>
</FASE_INI>
<FASES_FIN>
<FASE_ID id="653"/>
</FASES_FIN>
<PERMISOS_TRAMITACION>
<PERFIL_TRANSICION perfil_id="4" permiso="A"/>
</PERMISOS_TRAMITACION></TRANSICION>
<TRANSICION id="1123" etiqueta="com_sub" descripcion="Comprobación de subsanaciones" tipo="N" valida="S" informar="N" etiq_larga="com_sub">
<FASE_INI>
<FASE_ID id="670"/>
</FASE_INI>
<FASES_FIN>
<FASE_ID id="655"/>
</FASES_FIN>
<PERMISOS_TRAMITACION>
<PERFIL_TRANSICION perfil_id="4" permiso="A"/>
</PERMISOS_TRAMITACION></TRANSICION>
<TRANSICION id="1132" etiqueta="com_sub_doc" descripcion="Comprobar subsanaciones a documentación" tipo="N" valida="S" informar="N" etiq_larga="com_sub_doc">
<FASE_INI>
<FASE_ID id="668"/>
</FASE_INI>
<FASES_FIN>
<FASE_ID id="669"/>
</FASES_FIN>
<PERMISOS_TRAMITACION>
<PERFIL_TRANSICION perfil_id="4" permiso="A"/>
</PERMISOS_TRAMITACION></TRANSICION>
<TRANSICION id="1134" etiqueta="fin_pro_con" descripcion="Fin del procedimiento de convocatoria" tipo="F" valida="S" informar="N" etiq_larga="fin_pro_con">
<FASE_INI>
<FASE_ID id="667"/>
</FASE_INI>
<PERMISOS_TRAMITACION>
<PERFIL_TRANSICION perfil_id="4" permiso="A"/>
</PERMISOS_TRAMITACION></TRANSICION>
<TRANSICION id="1105" etiqueta="ini_conv" descripcion="Inicio convocatoria subvención" tipo="I" valida="S" informar="N" etiq_larga="ini_conv">
<FASES_FIN>
<FASE_ID id="650"/>
</FASES_FIN>
<PERMISOS_TRAMITACION>
<PERFIL_TRANSICION perfil_id="54" permiso="A"/>
</PERMISOS_TRAMITACION></TRANSICION>
<TRANSICION id="1108" etiqueta="pre_sol" descripcion="Presentación de solicitudes" tipo="N" valida="S" informar="N" etiq_larga="pre_sol">
<FASE_INI>
<FASE_ID id="650"/>
</FASE_INI>
<FASES_FIN>
<FASE_ID id="652"/>
</FASES_FIN>
<PERMISOS_TRAMITACION>
<PERFIL_TRANSICION perfil_id="4" permiso="A"/>
</PERMISOS_TRAMITACION></TRANSICION>
<TRANSICION id="1125" etiqueta="req_sub" descripcion="Requerimiento de subsanación" tipo="N" valida="S" informar="N" etiq_larga="req_sub">
<FASE_INI>
<FASE_ID id="653"/>
</FASE_INI>
<FASES_FIN>
<FASE_ID id="670"/>
</FASES_FIN>
<PERMISOS_TRAMITACION>
<PERFIL_TRANSICION perfil_id="4" permiso="A"/>
</PERMISOS_TRAMITACION></TRANSICION>
<TRANSICION id="1131" etiqueta="req_sub_doc" descripcion="Requerimiento de subsanación de documentación" tipo="N" valida="S" informar="N" etiq_larga="req_sub_doc">
<FASE_INI>
<FASE_ID id="659"/>
</FASE_INI>
<FASES_FIN>
<FASE_ID id="668"/>
</FASES_FIN>
<PERMISOS_TRAMITACION>
<PERFIL_TRANSICION perfil_id="4" permiso="A"/>
</PERMISOS_TRAMITACION></TRANSICION>
<TRANSICION id="1133" etiqueta="res_def" descripcion="Resolución definitiva" tipo="N" valida="S" informar="N" etiq_larga="res_def">
<FASE_INI>
<FASE_ID id="669"/>
</FASE_INI>
<FASES_FIN>
<FASE_ID id="667"/>
</FASES_FIN>
<PERMISOS_TRAMITACION>
<PERFIL_TRANSICION perfil_id="4" permiso="A"/>
</PERMISOS_TRAMITACION></TRANSICION>
<TRANSICION id="1127" etiqueta="res_def_exc" descripcion="Resolución definitva de solicitudes excluidas" tipo="N" valida="S" informar="N" etiq_larga="res_def_exc">
<FASE_INI>
<FASE_ID id="671"/>
</FASE_INI>
<FASES_FIN>
<FASE_ID id="656"/>
</FASES_FIN>
<PERMISOS_TRAMITACION>
<PERFIL_TRANSICION perfil_id="4" permiso="A"/>
</PERMISOS_TRAMITACION></TRANSICION>
<TRANSICION id="1129" etiqueta="res_pro_des" descripcion="Resolución provisional de desestimación" tipo="N" valida="S" informar="N" etiq_larga="res_pro_des">
<FASE_INI>
<FASE_ID id="673"/>
</FASE_INI>
<FASES_FIN>
<FASE_ID id="674"/>
</FASES_FIN>
<PERMISOS_TRAMITACION>
<PERFIL_TRANSICION perfil_id="4" permiso="A"/>
</PERMISOS_TRAMITACION></TRANSICION>
<TRANSICION id="1126" etiqueta="res_pro_exc" descripcion="Resolución provisional solicitudes excluidas" tipo="N" valida="S" informar="N" etiq_larga="res_pro_exc">
<FASE_INI>
<FASE_ID id="655"/>
</FASE_INI>
<FASES_FIN>
<FASE_ID id="672"/>
</FASES_FIN>
<PERMISOS_TRAMITACION>
<PERFIL_TRANSICION perfil_id="4" permiso="A"/>
</PERMISOS_TRAMITACION></TRANSICION>
<TRANSICION id="1130" etiqueta="val_doc" descripcion="Validar documentación" tipo="N" valida="S" informar="N" etiq_larga="val_doc">
<FASE_INI>
<FASE_ID id="674"/>
</FASE_INI>
<FASES_FIN>
<FASE_ID id="659"/>
</FASES_FIN>
<PERMISOS_TRAMITACION>
<PERFIL_TRANSICION perfil_id="4" permiso="A"/>
</PERMISOS_TRAMITACION></TRANSICION>
<TRANSICION id="1128" etiqueta="val_sol" descripcion="Valoración de solicitudes" tipo="N" valida="S" informar="N" etiq_larga="val_sol">
<FASE_INI>
<FASE_ID id="656"/>
</FASE_INI>
<FASES_FIN>
<FASE_ID id="673"/>
</FASES_FIN>
<PERMISOS_TRAMITACION>
<PERFIL_TRANSICION perfil_id="4" permiso="A"/>
</PERMISOS_TRAMITACION></TRANSICION>
</TRANSICIONES>
<TAREAS_FASE>
<TAREA_FASE id="1" etiqueta="ANE_VII_SUB" descripcion="Plantilla de subsanaciones de la convocatoria" obligatoria="N" tarea_id="1" fase_id="670" valida="S" informar="N">
<PERMISOS_TRAMITACION>
<PERFIL_TAREA perfil_id="52" permiso="T"/><PERFIL_TAREA perfil_id="54" permiso="T"/><PERFIL_TAREA perfil_id="55" permiso="T"/></PERMISOS_TRAMITACION>
</TAREA_FASE><TAREA_FASE id="2" etiqueta="tar_mod_con" descripcion="Tarea para modificar una convocatoria" obligatoria="S" tarea_id="2" fase_id="650" valida="S" informar="N">
<PERMISOS_TRAMITACION>
<PERFIL_TAREA perfil_id="54"/></PERMISOS_TRAMITACION>
</TAREA_FASE>
</TAREAS_FASE>
<ORGANISMOS>
<ORGANISMO id="1" codigo="AACID" nombre="Agencia Andaluza de Cooperación" nombre_largo="Agencia Andaluza de Cooperación Internacional para el Desarrollo" tipo="SC"/>
</ORGANISMOS>
<DEFPROC_GR id="302" titulo="Convocatoria Proyectos ONGD v1">
<GRAFICOS_METAFASE>
<METAFASE_GR id="630" metafase_id="379" xizq="0" yarr="0" ancho="50" alto="50" color_fondo="-16711936" color_texto="-16777216"></METAFASE_GR>
</GRAFICOS_METAFASE>
<GRAFICOS_EXTREMOS_TRANSICION>
<EXTREMOTRAN_GR id="3019" tipo="FA" fase_id="650" xizq="-100" yarr="-107" ancho="320" alto="84"/>
<EXTREMOTRAN_GR id="3034" tipo="F" fase_id="667" xizq="993" yarr="306" ancho="53" alto="53"/>
<EXTREMOTRAN_GR id="3021" tipo="FA" fase_id="652" xizq="-102" yarr="25" ancho="322" alto="65"/>
<EXTREMOTRAN_GR id="3022" tipo="FA" fase_id="671" xizq="-95" yarr="619" ancho="309" alto="64"/>
<EXTREMOTRAN_GR id="3023" tipo="FA" fase_id="670" xizq="-101" yarr="259" ancho="326" alto="72"/>
<EXTREMOTRAN_GR id="3024" tipo="FA" fase_id="655" xizq="-97" yarr="387" ancho="317" alto="71"/>
<EXTREMOTRAN_GR id="3025" tipo="FA" fase_id="672" xizq="-97" yarr="508" ancho="315" alto="61"/>
<EXTREMOTRAN_GR id="3026" tipo="FA" fase_id="653" xizq="-99" yarr="146" ancho="320" alto="63"/>
<EXTREMOTRAN_GR id="3027" tipo="FA" fase_id="656" xizq="391" yarr="619" ancho="304" alto="64"/>
<EXTREMOTRAN_GR id="3028" tipo="FA" fase_id="673" xizq="393" yarr="458" ancho="296" alto="75"/>
<EXTREMOTRAN_GR id="3029" tipo="FA" fase_id="674" xizq="394" yarr="296" ancho="302" alto="75"/>
<EXTREMOTRAN_GR id="3030" tipo="FA" fase_id="659" xizq="399" yarr="140" ancho="293" alto="75"/>
<EXTREMOTRAN_GR id="3031" tipo="FA" fase_id="668" xizq="400" yarr="-22" ancho="293" alto="75"/>
<EXTREMOTRAN_GR id="3032" tipo="FA" fase_id="669" xizq="890" yarr="-26" ancho="250" alto="75"/>
<EXTREMOTRAN_GR id="3033" tipo="FA" fase_id="667" xizq="889" yarr="140" ancho="250" alto="75"/>
<EXTREMOTRAN_GR id="3020" tipo="I" fase_id="650" xizq="5" yarr="-211" ancho="53" alto="53"/>
</GRAFICOS_EXTREMOS_TRANSICION>
<GRAFICOS_TRANSICION>
<TRANSICION_GR id="2822" transicion_id="1103" extremotran_ini="3021" extremotran_fin="3026" color_linea="-16777216" color_texto="-16777216">
<NODOS_TRANSICION>
<NODO_TRANGR id="10022" x="19" y="90" orden="0"/><NODO_TRANGR id="10023" x="19" y="146" orden="1"/>
</NODOS_TRANSICION>
</TRANSICION_GR>
<TRANSICION_GR id="2820" transicion_id="1105" extremotran_ini="3020" extremotran_fin="3019" color_linea="-16777216" color_texto="-16777216">
<NODOS_TRANSICION>
<NODO_TRANGR id="10024" x="32" y="-158" orden="0"/><NODO_TRANGR id="10025" x="31" y="-107" orden="1"/>
</NODOS_TRANSICION>
</TRANSICION_GR>
<TRANSICION_GR id="2821" transicion_id="1108" extremotran_ini="3019" extremotran_fin="3021" color_linea="-16777216" color_texto="-16777216">
<NODOS_TRANSICION>
<NODO_TRANGR id="10026" x="25" y="-23" orden="0"/><NODO_TRANGR id="10027" x="25" y="25" orden="1"/>
</NODOS_TRANSICION>
</TRANSICION_GR>
<TRANSICION_GR id="2826" transicion_id="1123" extremotran_ini="3023" extremotran_fin="3024" color_linea="-16777216" color_texto="-16777216">
<NODOS_TRANSICION>
<NODO_TRANGR id="10028" x="9" y="331" orden="0"/><NODO_TRANGR id="10029" x="10" y="387" orden="1"/>
</NODOS_TRANSICION>
</TRANSICION_GR>
<TRANSICION_GR id="2825" transicion_id="1124" extremotran_ini="3025" extremotran_fin="3022" color_linea="-16777216" color_texto="-16777216">
<NODOS_TRANSICION>
<NODO_TRANGR id="10030" x="12" y="569" orden="0"/><NODO_TRANGR id="10031" x="12" y="619" orden="1"/>
</NODOS_TRANSICION>
</TRANSICION_GR>
<TRANSICION_GR id="2823" transicion_id="1125" extremotran_ini="3026" extremotran_fin="3023" color_linea="-16777216" color_texto="-16777216">
<NODOS_TRANSICION>
<NODO_TRANGR id="10032" x="11" y="209" orden="0"/><NODO_TRANGR id="10033" x="11" y="259" orden="1"/>
</NODOS_TRANSICION>
</TRANSICION_GR>
<TRANSICION_GR id="2824" transicion_id="1126" extremotran_ini="3024" extremotran_fin="3025" color_linea="-16777216" color_texto="-16777216">
<NODOS_TRANSICION>
<NODO_TRANGR id="10034" x="11" y="458" orden="0"/><NODO_TRANGR id="10035" x="12" y="508" orden="1"/>
</NODOS_TRANSICION>
</TRANSICION_GR>
<TRANSICION_GR id="2827" transicion_id="1127" extremotran_ini="3022" extremotran_fin="3027" color_linea="-16777216" color_texto="-16777216">
<NODOS_TRANSICION>
<NODO_TRANGR id="10036" x="214" y="646" orden="0"/><NODO_TRANGR id="10037" x="387" y="646" orden="1"/><NODO_TRANGR id="10038" x="391" y="647" orden="2"/>
</NODOS_TRANSICION>
</TRANSICION_GR>
<TRANSICION_GR id="2828" transicion_id="1128" extremotran_ini="3027" extremotran_fin="3028" color_linea="-16777216" color_texto="-16777216">
<NODOS_TRANSICION>
<NODO_TRANGR id="10039" x="540" y="619" orden="0"/><NODO_TRANGR id="10040" x="542" y="533" orden="1"/>
</NODOS_TRANSICION>
</TRANSICION_GR>
<TRANSICION_GR id="2829" transicion_id="1129" extremotran_ini="3028" extremotran_fin="3029" color_linea="-16777216" color_texto="-16777216">
<NODOS_TRANSICION>
<NODO_TRANGR id="10041" x="527" y="458" orden="0"/><NODO_TRANGR id="10042" x="527" y="371" orden="1"/>
</NODOS_TRANSICION>
</TRANSICION_GR>
<TRANSICION_GR id="2830" transicion_id="1130" extremotran_ini="3029" extremotran_fin="3030" color_linea="-16777216" color_texto="-16777216">
<NODOS_TRANSICION>
<NODO_TRANGR id="10043" x="532" y="296" orden="0"/><NODO_TRANGR id="10044" x="531" y="215" orden="1"/>
</NODOS_TRANSICION>
</TRANSICION_GR>
<TRANSICION_GR id="2831" transicion_id="1131" extremotran_ini="3030" extremotran_fin="3031" color_linea="-16777216" color_texto="-16777216">
<NODOS_TRANSICION>
<NODO_TRANGR id="10045" x="532" y="140" orden="0"/><NODO_TRANGR id="10046" x="531" y="53" orden="1"/>
</NODOS_TRANSICION>
</TRANSICION_GR>
<TRANSICION_GR id="2832" transicion_id="1132" extremotran_ini="3031" extremotran_fin="3032" color_linea="-16777216" color_texto="-16777216">
<NODOS_TRANSICION>
<NODO_TRANGR id="10047" x="693" y="21" orden="0"/><NODO_TRANGR id="10048" x="890" y="22" orden="1"/>
</NODOS_TRANSICION>
</TRANSICION_GR>
<TRANSICION_GR id="2833" transicion_id="1133" extremotran_ini="3032" extremotran_fin="3033" color_linea="-16777216" color_texto="-16777216">
<NODOS_TRANSICION>
<NODO_TRANGR id="10049" x="1017" y="49" orden="0"/><NODO_TRANGR id="10050" x="1017" y="140" orden="1"/>
</NODOS_TRANSICION>
</TRANSICION_GR>
<TRANSICION_GR id="2834" transicion_id="1134" extremotran_ini="3033" extremotran_fin="3034" color_linea="-16777216" color_texto="-16777216">
<NODOS_TRANSICION>
<NODO_TRANGR id="10051" x="1015" y="215" orden="0"/><NODO_TRANGR id="10052" x="1015" y="306" orden="1"/>
</NODOS_TRANSICION>
</TRANSICION_GR>
</GRAFICOS_TRANSICION>
<GRAFICOS_POST_IT>
</GRAFICOS_POST_IT>
</DEFPROC_GR>
</DEF_PROCEDIMIENTO>
