<!DOCTYPE struts PUBLIC
    "-//Apache Software Foundation//DTD Struts Configuration 2.0//EN"
    "http://struts.apache.org/dtds/struts-2.0.dtd">

<struts>

  <!-- ===================================================== -->
  <!-- PAQUETE PARA LLAMADAS JSON -->
  <!-- ===================================================== -->

  <constant name="struts.objectFactory" value="spring" />
  
  <package name="portletDatosExpedienteJson" namespace="/modulos/portletDatosExpediente" extends="struts-default, json-default">

    <!-- Devuelve informacion del expediente -->
   <action name="getDatosExpediente" class="portletDatosExpedienteAction" method="getDatosExpediente">
      <interceptor-ref name="basicStack" />
      <result name="success" type="json">
        <param name="ignoreHierarchy">false</param>
        <param name="root">portletDatosExpedienteDTO</param>
        <param name="enableGZIP">true</param>
      </result>
      <result name="error">./templates/error.jsp</result>
    </action>
	
  </package>

</struts>
