<?xml version='1.0' encoding='UTF-8' ?>
<!--Generado desde Model@ v3.3.1 [11260536ó3619458ó3217296]-->
<DEF_PROCEDIMIENTO id="54" nombre="UNIV" descripcion="Subvenciones AACID para proyectos Universidades 21" codigo_rpa="22522" clasificacion="A01014190_PRO_000000000000000000000000022522" nivel_qaa="2" sistema="AACID" version="1.0.0" organo="1" organo_competente="1" organo_resuelve="1" organo_tramita="1" motor_tramita="TREW@" informar="S" descrip_ampliada="Subvenciones a las Universidades de Andalucía que realicen proyectos de Cooperación Internacional para el Desarrollo." vigente="S" categoria="P">
<PERFILES_USUARIO>
<PERFIL_USUARIO id="54" nombre="COORDINADOR" descripcion="COORDINADOR"/>
<PERFIL_USUARIO id="52" nombre="OEF" descripcion="OPERADOR ECONÓMICO FINANCIERO"/>
<PERFIL_USUARIO id="55" nombre="VALORADOR" descripcion="VALORADOR"/>
<PERFIL_USUARIO id="47" nombre="CIUDADANIA" descripcion="Ciudadanía"/>
</PERFILES_USUARIO>
<PARAMETROS>
<PARAMETRO id="11" nombre="P_EXP" descripcion="IDENTIFICADOR DEL EXPEDIENTE" tipo="C" tamanio="16"/>
</PARAMETROS>
<BLOQUES>
<BLOQUE id="73" nombre="EXCL_TRAM_UNIV" descripcion="Exclusión de no admisión a trámite de la solicitud" tipo="W" informar="N"></BLOQUE>
<BLOQUE id="78" nombre="SUBSANACIONES_VALORADOR_UNIV" descripcion="Validación de la subsanación" tipo="W" informar="N"></BLOQUE>
</BLOQUES>
<PLANTILLAS>
<PLANTILLA  id="3" nombre="plantillaSubSol" descripcion="PLANTILLA DE SUBSANACIONES DE LA SOLICITUD" nombre_informe="plantillaSubSol"/>
</PLANTILLAS>
<RAZONES_INTERES_DEFPROC>
<RAZON_INTERES id="1" abreviatura="REPLEGAL" descripcion="REPRESENTANTE" obsoleto="N" cardinalidad_minima="0" cardinalidad_maxima="1" comentario="" oblig_rel_app_elec="N"/>
<RAZON_INTERES id="2" abreviatura="SOLICITANT" descripcion="SOLICITANTE" obsoleto="N" cardinalidad_minima="1" cardinalidad_maxima="1" comentario="" oblig_rel_app_elec="N"/>
</RAZONES_INTERES_DEFPROC>
<CERTIFICADOS>
<CERTIFICADO id="11" nombre="ANTECEDENTES_PENALES" descripcion="CERTIFICADO DE ANTECEDENTES PENALES" url="http://ws056.juntadeandalucia.es/scspv3/processes/" clase="es.juntadeandalucia.plataforma.consultaSCSP." cod_scsp="SVDR_20090505_000050"/>
<CERTIFICADO id="12" nombre="ANTECEDENTES_SEXUALES" descripcion="CERTIFICADO DE ANTECEDENTES DE DELITOS DE NATURALEZA SEXUAL" url="http://ws056.juntadeandalucia.es/scspv3/processes/" clase="es.juntadeandalucia.plataforma.consultaSCSP." cod_scsp="SVDR_20090505_000050"/>
<CERTIFICADO id="1" nombre="IDENTIDAD" descripcion="CERTIFICADO DE DATOS DE IDENTIDAD" url="http://ws056.juntadeandalucia.es/scspv3/processes/ConsultaDatosIdentidadDGP.jpd" clase="es.juntadeandalucia.plataforma.consultaSCSP.consultaIdentidad.ConsultaDatosIdentidad" cod_scsp="SVDR_20090505_000050"/>
<CERTIFICADO id="13" nombre="IRPF" descripcion="CERTIFICADO DE DATOS IMPUESTO SOBRE LA RENTA DE LAS PERSONAS FÍSICAS (I.R.P.F)" url="http://ws056.juntadeandalucia.es/scspv3/processes/" clase="es.juntadeandalucia.plataforma.consultaSCSP." cod_scsp="SVDR_20090505_000050"/>
<CERTIFICADO id="6" nombre="RESIDENCIA" descripcion="CERTIFICADO DE DATOS DE RESIDENCIA" url="http://ws056.juntadeandalucia.es/scspv3/processes/VerificacionResidenciaFechaINE.jpd" clase="es.juntadeandalucia.plataforma.consultaSCSP.consultaResidenciaPadronal.ConsultaDatosResidenciaPadronal" cod_scsp="SVDR_20090505_000050"/>
</CERTIFICADOS>
<VARIABLES>
<VARIABLE id="91" nombre="VA_AACID_CAT" descripcion="CATALOGO DE SUBSANACION" paquete="es.juntadeandalucia.aacid.persistenciatramitacionagenda.variables.Variables" nombre_funcion="obtenerCatalogoSubsanacion" implementacion="J">
<PARAMETROS_VARIABLE>
<PARAMETRO_VARIABLE  parametro_id="11" orden="1"/>
</PARAMETROS_VARIABLE>
</VARIABLE>
<VARIABLE id="92" nombre="VA_AACID_IDSOL" descripcion="ID_SOLICITUD" paquete="es.juntadeandalucia.aacid.persistenciatramitacionagenda.variables.Variables" nombre_funcion="obtenerIdSolicitud" implementacion="J">
<PARAMETROS_VARIABLE>
<PARAMETRO_VARIABLE  parametro_id="11" orden="1"/>
</PARAMETROS_VARIABLE>
</VARIABLE>
<VARIABLE id="93" nombre="VA_AACID_INTERESADO" descripcion="INTERESADO" paquete="es.juntadeandalucia.aacid.persistenciatramitacionagenda.variables.Variables" nombre_funcion="obtenerInteresado" implementacion="J">
<PARAMETROS_VARIABLE>
<PARAMETRO_VARIABLE  parametro_id="11" orden="1"/>
</PARAMETROS_VARIABLE>
</VARIABLE>
<VARIABLE id="94" nombre="VA_AACID_TIPOSOLI" descripcion="TIPO SOLICITUD" paquete="es.juntadeandalucia.aacid.persistenciatramitacionagenda.variables.Variables" nombre_funcion="obtenerTipoSolicitud" implementacion="J">
<PARAMETROS_VARIABLE>
<PARAMETRO_VARIABLE  parametro_id="11" orden="1"/>
</PARAMETROS_VARIABLE>
</VARIABLE>
<VARIABLE id="95" nombre="VA_AACID_TITULO" descripcion="TITULO" paquete="es.juntadeandalucia.aacid.persistenciatramitacionagenda.variables.Variables" nombre_funcion="obtenerTitulo" implementacion="J">
<PARAMETROS_VARIABLE>
<PARAMETRO_VARIABLE  parametro_id="11" orden="1"/>
</PARAMETROS_VARIABLE>
</VARIABLE>
</VARIABLES>
<TIPOS_DOCUMENTOS>
<TIPO_DOCUMENTO id="766" etiqueta="ACU_EXP_FIN" nombre="ACUERDOS_EXP_FINANCIA_CONTRAPARTES" descripcion="Acuerdos expresos de la financiación de la contraparte, socios locales públicos o privados u otras organizaciones colaboradoras en el país o paises donde se vaya a desarrollar la intervención" cons_valida="N" ent_sal="E" inc_gen="I" multiple="N" fecha_firma="N" informar="S" archivable="N" versionable="N" reutilizable="N" registrable="S" notificable="N" administrativo="S" td_editable="S" modogen="R" clase_doc="G" tipo_eni="TD20" fusionar="N" firma_digital="S" firma_dinamica="N" tipo_firma="C"></TIPO_DOCUMENTO>
<TIPO_DOCUMENTO id="1483" etiqueta="ANX_FIN_PRO" nombre="SOLIC_SUBV_FINANC_PROY_COOP_INT" descripcion="Anexo 1: Solicitud de subvención a Universidades para la financiación de proyectos de cooperación internacional para el desarrollo" cons_valida="N" ent_sal="E" inc_gen="I" multiple="N" fecha_firma="N" informar="S" archivable="N" versionable="N" reutilizable="N" registrable="S" notificable="N" administrativo="S" td_editable="S" modogen="R" clase_doc="G" tipo_eni="TD14" fusionar="N" firma_digital="S" firma_dinamica="N" tipo_firma="C"></TIPO_DOCUMENTO>
<TIPO_DOCUMENTO id="804" etiqueta="ANX_FORM" nombre="ANEXO_FORMULACION" descripcion="Anexo: Documento de formulación del proyecto" cons_valida="N" ent_sal="E" inc_gen="I" multiple="N" fecha_firma="N" informar="S" archivable="N" versionable="N" reutilizable="N" registrable="S" notificable="N" administrativo="S" td_editable="S" modogen="R" clase_doc="G" tipo_eni="TD20" fusionar="N" firma_digital="S" firma_dinamica="N" tipo_firma="C"></TIPO_DOCUMENTO>
<TIPO_DOCUMENTO id="793" etiqueta="ANX_MATRIZ" nombre="ANEXO_MATRIZ" descripcion="Anexo: Matriz de planificación" cons_valida="N" ent_sal="E" inc_gen="I" multiple="N" fecha_firma="N" informar="S" archivable="N" versionable="N" reutilizable="N" registrable="S" notificable="N" administrativo="S" td_editable="S" modogen="R" clase_doc="G" tipo_eni="TD20" fusionar="N" firma_digital="S" firma_dinamica="N" tipo_firma="C"></TIPO_DOCUMENTO>
<TIPO_DOCUMENTO id="805" etiqueta="ANX_PRESU" nombre="ANEXO_PRESUPUESTO" descripcion="Anexo: Presupuesto desglosado y global (anexo V)" cons_valida="N" ent_sal="E" inc_gen="I" multiple="N" fecha_firma="N" informar="S" archivable="N" versionable="N" reutilizable="N" registrable="S" notificable="N" administrativo="S" td_editable="S" modogen="R" clase_doc="G" tipo_eni="TD20" fusionar="N" firma_digital="S" firma_dinamica="N" tipo_firma="C"></TIPO_DOCUMENTO>
<TIPO_DOCUMENTO id="806" etiqueta="ANX_PRESU_A" nombre="ANEXO_PRESUPUESTO_ACTIVIDADES" descripcion="Anexo: Presupuesto por actividades" cons_valida="N" ent_sal="E" inc_gen="I" multiple="N" fecha_firma="N" informar="S" archivable="N" versionable="N" reutilizable="N" registrable="S" notificable="N" administrativo="S" td_editable="S" modogen="R" clase_doc="G" tipo_eni="TD20" fusionar="N" firma_digital="S" firma_dinamica="N" tipo_firma="C"></TIPO_DOCUMENTO>
<TIPO_DOCUMENTO id="823" etiqueta="AUT_CARTAS" nombre="AUT_CARTAS" descripcion="Autorizaciones, cartas de apoyo y cartas de compromiso" cons_valida="N" ent_sal="E" inc_gen="I" multiple="N" fecha_firma="N" informar="S" archivable="N" versionable="N" reutilizable="N" registrable="S" notificable="N" administrativo="S" td_editable="S" modogen="R" clase_doc="G" tipo_eni="TD20" fusionar="N" firma_digital="S" firma_dinamica="N" tipo_firma="C"></TIPO_DOCUMENTO>
<TIPO_DOCUMENTO id="826" etiqueta="CONVENIOS" nombre="CONVENIOS" descripcion="Convenios de colaboración" cons_valida="N" ent_sal="E" inc_gen="I" multiple="N" fecha_firma="N" informar="S" archivable="N" versionable="N" reutilizable="N" registrable="S" notificable="N" administrativo="S" td_editable="S" modogen="R" clase_doc="G" tipo_eni="TD20" fusionar="N" firma_digital="S" firma_dinamica="N" tipo_firma="C"></TIPO_DOCUMENTO>
<TIPO_DOCUMENTO id="697" etiqueta="CON_FIN_ACU" nombre="DOC_ACR_CON_FIN" descripcion="Documentación acreditativa de la concesión de financiación de las administraciones o instituciones públicas o privadas cofinanciadas del proyecto distintas a las provenientes del país o paises donde se vaya a desarrollar el proyecto." cons_valida="N" ent_sal="E" inc_gen="I" multiple="N" fecha_firma="N" informar="S" archivable="N" versionable="N" reutilizable="N" registrable="S" notificable="N" administrativo="S" td_editable="S" modogen="R" clase_doc="G" tipo_eni="TD20" fusionar="N" firma_digital="S" firma_dinamica="N" tipo_firma="C"></TIPO_DOCUMENTO>
<TIPO_DOCUMENTO id="698" etiqueta="CV_PER_INT" nombre="CV_PER_INT" descripcion="CV del personal que va a llevar a cabo la intervención (Proyectos de educación para el desarrollo y formación, investigacion e innovación)" cons_valida="N" ent_sal="E" inc_gen="I" multiple="N" fecha_firma="N" informar="S" archivable="N" versionable="N" reutilizable="N" registrable="S" notificable="N" administrativo="S" td_editable="S" modogen="R" clase_doc="G" tipo_eni="TD20" fusionar="N" firma_digital="S" firma_dinamica="N" tipo_firma="C"></TIPO_DOCUMENTO>
<TIPO_DOCUMENTO id="699" etiqueta="DGN_PRO" nombre="DGN_PRO" descripcion="Diagnósticos de la problemática. (Proyectos de educación parad el desarrollo)" cons_valida="N" ent_sal="E" inc_gen="I" multiple="N" fecha_firma="N" informar="S" archivable="N" versionable="N" reutilizable="N" registrable="S" notificable="N" administrativo="S" td_editable="S" modogen="R" clase_doc="G" tipo_eni="TD20" fusionar="N" firma_digital="S" firma_dinamica="N" tipo_firma="C"></TIPO_DOCUMENTO>
<TIPO_DOCUMENTO id="700" etiqueta="DOC_ACR_GID" nombre="DOC_ACR_GAS_IDN" descripcion="Documentación acreditativa de los gastos de identificación y formulación que se contiene en el artículo 10.1" cons_valida="N" ent_sal="E" inc_gen="I" multiple="N" fecha_firma="N" informar="S" archivable="N" versionable="N" reutilizable="N" registrable="S" notificable="N" administrativo="S" td_editable="S" modogen="R" clase_doc="G" tipo_eni="TD20" fusionar="N" firma_digital="S" firma_dinamica="N" tipo_firma="C"></TIPO_DOCUMENTO>
<TIPO_DOCUMENTO id="701" etiqueta="DOC_AC_PVOL" nombre="DOC_ACU_PER_VOL" descripcion="Documento de acuerdo de incorporación de personal voluntario utilizado por la Entidad, así como compromiso de su suscrición y entrega a la AACID." cons_valida="N" ent_sal="E" inc_gen="I" multiple="N" fecha_firma="N" informar="S" archivable="N" versionable="N" reutilizable="N" registrable="S" notificable="N" administrativo="S" td_editable="S" modogen="R" clase_doc="G" tipo_eni="TD20" fusionar="N" firma_digital="S" firma_dinamica="N" tipo_firma="C"></TIPO_DOCUMENTO>
<TIPO_DOCUMENTO id="702" etiqueta="DOC_MAN_CON" nombre="DOC_MANIF_CONT" descripcion="Documento de manifestación de la/s contraparte/s de haber intervenido en la identificación y formulación del proyecto y sus responsabilidades especificas en su ejecución." cons_valida="N" ent_sal="E" inc_gen="I" multiple="N" fecha_firma="N" informar="S" archivable="N" versionable="N" reutilizable="N" registrable="S" notificable="N" administrativo="S" td_editable="S" modogen="R" clase_doc="G" tipo_eni="TD20" fusionar="N" firma_digital="S" firma_dinamica="N" tipo_firma="C"></TIPO_DOCUMENTO>
<TIPO_DOCUMENTO id="1554" etiqueta="DOC_PER_RES" nombre="DOC_ACRED_PERSONA_RESPONSABLE_PROY" descripcion="Documentación acreditativa de la persona responsable del proyecto IP de estar en posesión del título de contratado doctor y, en su caso, del grupo de investigación al que pertenece. (Proyectos de investigación e innovación)." cons_valida="N" ent_sal="E" inc_gen="I" multiple="N" fecha_firma="N" informar="S" archivable="N" versionable="N" reutilizable="N" registrable="S" notificable="N" administrativo="S" td_editable="S" modogen="R" clase_doc="G" tipo_eni="TD20" fusionar="N" firma_digital="S" firma_dinamica="N" tipo_firma="C"></TIPO_DOCUMENTO>
<TIPO_DOCUMENTO id="1485" etiqueta="DOC_REL_CON" nombre="DOC_RELATIVA_CONTRAPARTES" descripcion="Documentación a la que se refiere el artículo 3.1 e) de la Orden, relativa a las contrapartes" cons_valida="N" ent_sal="E" inc_gen="I" multiple="N" fecha_firma="N" informar="S" archivable="N" versionable="N" reutilizable="N" registrable="S" notificable="N" administrativo="S" td_editable="S" modogen="R" clase_doc="G" tipo_eni="TD20" fusionar="N" firma_digital="S" firma_dinamica="N" tipo_firma="C"></TIPO_DOCUMENTO>
<TIPO_DOCUMENTO id="1555" etiqueta="FOR_PRO_PRE" nombre="FORM_PROYECTO_PRESUPUESTO" descripcion="Formulario del proyecto, y su presupuesto" cons_valida="N" ent_sal="E" inc_gen="I" multiple="N" fecha_firma="N" informar="S" archivable="N" versionable="N" reutilizable="N" registrable="S" notificable="N" administrativo="S" td_editable="S" modogen="R" clase_doc="G" tipo_eni="TD20" fusionar="N" firma_digital="S" firma_dinamica="N" tipo_firma="C"></TIPO_DOCUMENTO>
<TIPO_DOCUMENTO id="729" etiqueta="NoDefinido" nombre="NoDefinido" descripcion="Documentación voluntaria no catalogada" cons_valida="N" ent_sal="E" inc_gen="I" multiple="N" fecha_firma="N" informar="S" archivable="N" versionable="N" reutilizable="N" registrable="S" notificable="N" administrativo="S" td_editable="S" modogen="R" clase_doc="G" tipo_eni="TD20" fusionar="N" firma_digital="S" firma_dinamica="N" tipo_firma="C"></TIPO_DOCUMENTO>
<TIPO_DOCUMENTO id="863" etiqueta="PLA_SUB_SOL" nombre="PLANTILLA_SUBSOLI" descripcion="PLANTILLA DE SUBSANACIONES DE LA SOLICITUD" plantilla_id="3" cons_valida="N" ent_sal="S" inc_gen="G" multiple="N" fecha_firma="N" informar="S" archivable="N" versionable="N" reutilizable="N" registrable="S" notificable="S" administrativo="S" td_editable="S" modogen="O" clase_doc="G" tipo_eni="TD13" fusionar="N" firma_digital="N" firma_dinamica="N" tipo_firma="C">
<VARIABLES_TIPDOC>
<VARIABLE_ID id ="91"/>
<VARIABLE_ID id ="92"/>
<VARIABLE_ID id ="93"/>
<VARIABLE_ID id ="94"/>
<VARIABLE_ID id ="95"/>
</VARIABLES_TIPDOC>
<PLANTILLAS_BIN>
<PLANTILLA_BIN id="7049" nombre_fichero="plantillaSubSoli.odt" ruta_completa="" formato="application/vnd.oasis.opendocument.text" codigo="plantillaSubSol"/>
</PLANTILLAS_BIN>
</TIPO_DOCUMENTO>
<TIPO_DOCUMENTO id="708" etiqueta="SIS_ACT_INT" nombre="SIS_ACT_INT" descripcion="Sistematizaciones de actuaciones anteriores relacionadas con la intervención. (Proyectos de educación para el desarrollo)" cons_valida="N" ent_sal="E" inc_gen="I" multiple="N" fecha_firma="N" informar="S" archivable="N" versionable="N" reutilizable="N" registrable="S" notificable="N" administrativo="S" td_editable="S" modogen="R" clase_doc="G" tipo_eni="TD20" fusionar="N" firma_digital="S" firma_dinamica="N" tipo_firma="-"></TIPO_DOCUMENTO>
</TIPOS_DOCUMENTOS>
<TAREAS>
<TAREA id="1" nombre="ACUERDOS_EXP_FINANCIA_CONTRAPARTES" descripcion="Acuerdos expresos de la financiación de la contraparte, socios locales públicos o privados u otras organizaciones colaboradoras en el país o paises donde se vaya a desarrollar la intervención" tipo="INCORPORAR_DOCUMENTO" tipodoc_bloque_id="766"/>
<TAREA id="20" nombre="SOLIC_SUBV_FINANC_PROY_COOP_INT" descripcion="Anexo 1: Solicitud de subvención a Universidades para la financiación de proyectos de cooperación internacional para el desarrollo" tipo="INCORPORAR_DOCUMENTO" tipodoc_bloque_id="1483"/>
<TAREA id="2" nombre="ANEXO_FORMULACION" descripcion="Anexo: Documento de formulación del proyecto" tipo="INCORPORAR_DOCUMENTO" tipodoc_bloque_id="804"/>
<TAREA id="3" nombre="ANEXO_MATRIZ" descripcion="Anexo: Matriz de planificación" tipo="INCORPORAR_DOCUMENTO" tipodoc_bloque_id="793"/>
<TAREA id="4" nombre="ANEXO_PRESUPUESTO" descripcion="Anexo: Presupuesto desglosado y global (anexo V)" tipo="INCORPORAR_DOCUMENTO" tipodoc_bloque_id="805"/>
<TAREA id="5" nombre="ANEXO_PRESUPUESTO_ACTIVIDADES" descripcion="Anexo: Presupuesto por actividades" tipo="INCORPORAR_DOCUMENTO" tipodoc_bloque_id="806"/>
<TAREA id="6" nombre="AUT_CARTAS" descripcion="Autorizaciones, cartas de apoyo y cartas de compromiso" tipo="INCORPORAR_DOCUMENTO" tipodoc_bloque_id="823"/>
<TAREA id="7" nombre="CONVENIOS" descripcion="Convenios de colaboración" tipo="INCORPORAR_DOCUMENTO" tipodoc_bloque_id="826"/>
<TAREA id="10" nombre="DOC_ACR_CON_FIN" descripcion="Documentación acreditativa de la concesión de financiación de las administraciones o instituciones públicas o privadas cofinanciadas del proyecto distintas a las provenientes del país o paises donde se vaya a desarrollar el proyecto." tipo="INCORPORAR_DOCUMENTO" tipodoc_bloque_id="697"/>
<TAREA id="8" nombre="CV_PER_INT" descripcion="CV del personal que va a llevar a cabo la intervención (Proyectos de educación para el desarrollo y formación, investigacion e innovación)" tipo="INCORPORAR_DOCUMENTO" tipodoc_bloque_id="698"/>
<TAREA id="9" nombre="DGN_PRO" descripcion="Diagnósticos de la problemática. (Proyectos de educación parad el desarrollo)" tipo="INCORPORAR_DOCUMENTO" tipodoc_bloque_id="699"/>
<TAREA id="12" nombre="DOC_ACR_GAS_IDN" descripcion="Documentación acreditativa de los gastos de identificación y formulación que se contiene en el artículo 10.1" tipo="INCORPORAR_DOCUMENTO" tipodoc_bloque_id="700"/>
<TAREA id="13" nombre="DOC_ACU_PER_VOL" descripcion="Documento de acuerdo de incorporación de personal voluntario utilizado por la Entidad, así como compromiso de su suscrición y entrega a la AACID." tipo="INCORPORAR_DOCUMENTO" tipodoc_bloque_id="701"/>
<TAREA id="14" nombre="DOC_MANIF_CONT" descripcion="Documento de manifestación de la/s contraparte/s de haber intervenido en la identificación y formulación del proyecto y sus responsabilidades especificas en su ejecución." tipo="INCORPORAR_DOCUMENTO" tipodoc_bloque_id="702"/>
<TAREA id="11" nombre="DOC_ACRED_PERSONA_RESPONSABLE_PROY" descripcion="Documentación acreditativa de la persona responsable del proyecto IP de estar en posesión del título de contratado doctor y, en su caso, del grupo de investigación al que pertenece. (Proyectos de investigación e innovación)." tipo="INCORPORAR_DOCUMENTO" tipodoc_bloque_id="1554"/>
<TAREA id="15" nombre="DOC_RELATIVA_CONTRAPARTES" descripcion="Documentación a la que se refiere el artículo 3.1 e) de la Orden, relativa a las contrapartes" tipo="INCORPORAR_DOCUMENTO" tipodoc_bloque_id="1485"/>
<TAREA id="21" nombre="EXCL_TRAM_UNIV" descripcion="Exclusión de no admisión a trámite de la solicitud" tipo="MANIPULAR_DATOS" tipodoc_bloque_id="73"/>
<TAREA id="16" nombre="FORM_PROYECTO_PRESUPUESTO" descripcion="Formulario del proyecto, y su presupuesto" tipo="INCORPORAR_DOCUMENTO" tipodoc_bloque_id="1555"/>
<TAREA id="17" nombre="NoDefinido" descripcion="Documentación voluntaria no catalogada" tipo="INCORPORAR_DOCUMENTO" tipodoc_bloque_id="729"/>
<TAREA id="18" nombre="PLANTILLA_SUBSOLI" descripcion="PLANTILLA DE SUBSANACIONES DE LA SOLICITUD" tipo="GENERAR_DOCUMENTO" tipodoc_bloque_id="863"/>
<TAREA id="19" nombre="SIS_ACT_INT" descripcion="Sistematizaciones de actuaciones anteriores relacionadas con la intervención. (Proyectos de educación para el desarrollo)" tipo="INCORPORAR_DOCUMENTO" tipodoc_bloque_id="708"/>
<TAREA id="22" nombre="SUBSANACIONES_VALORADOR_UNIV" descripcion="Validación de la subsanación" tipo="MANIPULAR_DATOS" tipodoc_bloque_id="78"/>
</TAREAS>
<CONDICIONES>
<CONDICION id="12" nombre="OBTENER_ESTADO_SUBSANACION" descripcion="OBTIENE EL ESTADO FINALIZADO DE LA TAREA SUBSANACIONES DEL VALORADOR" param_ref_exp="S" param_ref_tran="N" param_ref_docper="N" param_ref_expxfas="N" param_ref_tipevo="N" param_ref_fecha="N" param_ref_usuario="N" param_ref_fase="N" param_ref_tipdoc="N" implementacion="J" paquete="es.juntadeandalucia.aacid.comuntramitacion.condiciones.Condiciones" nombre_funcion="obtenerEstadoTarea" compleja="N"/>
</CONDICIONES>
<METAFASES>
<METAFASE id="377" nombre="CONTROL_ADMINISTRATIVO" descripcion="CONTROL_ADMINISTRATIVO" informar="N">
<FASES>
<FASE id="691" nombre="Comprobación de requisitos solicitud" descripcion="Comprobación de requisitos solicitud" informar="N" telematica="N"></FASE>
<FASE id="692" nombre="Requerimiento de subsanación" descripcion="Requerimiento de subsanación" informar="N" telematica="N"></FASE>
</FASES>
</METAFASE>
<METAFASE id="399" nombre="PRESENTACION_SOLICITUD_SUBVENCIONES_UNIVERSIDADES" descripcion="METAFASE DE PRESENTACIÓN TELEMÁTICA" informar="S">
<FASES>
<FASE id="693" nombre="Recepción, registro de la solicitud" descripcion="Recepción, registro de la solicitud" informar="S" telematica="S"></FASE>
</FASES>
</METAFASE>
</METAFASES>
<TRANSICIONES>
<TRANSICION id="1167" etiqueta="com_req_sol" descripcion="Comprobación requisitos solilcitud" tipo="N" valida="S" informar="N" etiq_larga="com_req_sol">
<FASE_INI>
<FASE_ID id="693"/>
</FASE_INI>
<FASES_FIN>
<FASE_ID id="691"/>
</FASES_FIN>
<PERMISOS_TRAMITACION>
<PERFIL_TRANSICION perfil_id="54" permiso="A"/>
</PERMISOS_TRAMITACION></TRANSICION>
<TRANSICION id="1168" etiqueta="req_sub" descripcion="Requerimiento de subsanación" tipo="N" valida="S" informar="N" etiq_larga="req_sub">
<FASE_INI>
<FASE_ID id="691"/>
</FASE_INI>
<FASES_FIN>
<FASE_ID id="692"/>
</FASES_FIN>
<PERMISOS_TRAMITACION>
<PERFIL_TRANSICION perfil_id="54" permiso="A"/>
<PERFIL_TRANSICION perfil_id="52" permiso="A"/>
<PERFIL_TRANSICION perfil_id="55" permiso="A"/>
</PERMISOS_TRAMITACION></TRANSICION>
<TRANSICION id="1169" etiqueta="tra_ini_tel" descripcion="Inicio telemático del expediente" tipo="I" valida="S" informar="N" etiq_larga="TRANSICION_INICIO_TELEM">
<FASES_FIN>
<FASE_ID id="693"/>
</FASES_FIN>
<PERMISOS_TRAMITACION>
<PERFIL_TRANSICION perfil_id="47" permiso="A"/>
</PERMISOS_TRAMITACION></TRANSICION>
</TRANSICIONES>
<TAREAS_FASE>
<TAREA_FASE id="1" etiqueta="ACU_EXP_FIN" descripcion="Acuerdos expresos de la financiación de la contraparte, socios locales públicos o privados u otras organizaciones colaboradoras en el país o paises donde se vaya a desarrollar la intervención" obligatoria="N" tarea_id="1" fase_id="693" valida="S" informar="S">
<PERMISOS_TRAMITACION>
<PERFIL_TAREA perfil_id="47" permiso="T"/></PERMISOS_TRAMITACION>
</TAREA_FASE><TAREA_FASE id="2" etiqueta="ANX_FIN_PRO" descripcion="Anexo 1: Solicitud de subvención a Universidades para la financiación de proyectos de cooperación internacional para el desarrollo" obligatoria="N" tarea_id="20" fase_id="693" valida="S" informar="S">
<PERMISOS_TRAMITACION>
<PERFIL_TAREA perfil_id="47" permiso="T"/></PERMISOS_TRAMITACION>
</TAREA_FASE><TAREA_FASE id="3" etiqueta="ANX_FORM" descripcion="Anexo: Documento de formulación del proyecto" obligatoria="N" tarea_id="2" fase_id="693" valida="S" informar="S">
<PERMISOS_TRAMITACION>
<PERFIL_TAREA perfil_id="47" permiso="T"/></PERMISOS_TRAMITACION>
</TAREA_FASE><TAREA_FASE id="4" etiqueta="ANX_MATRIZ" descripcion="Anexo: Matriz de planificación" obligatoria="N" tarea_id="3" fase_id="693" valida="S" informar="S">
<PERMISOS_TRAMITACION>
<PERFIL_TAREA perfil_id="47" permiso="T"/></PERMISOS_TRAMITACION>
</TAREA_FASE><TAREA_FASE id="5" etiqueta="ANX_PRESU" descripcion="Anexo: Presupuesto desglosado y global (anexo V)" obligatoria="N" tarea_id="4" fase_id="693" valida="S" informar="S">
<PERMISOS_TRAMITACION>
<PERFIL_TAREA perfil_id="47" permiso="T"/></PERMISOS_TRAMITACION>
</TAREA_FASE><TAREA_FASE id="6" etiqueta="ANX_PRESU_A" descripcion="Anexo: Presupuesto por actividades" obligatoria="N" tarea_id="5" fase_id="693" valida="S" informar="S">
<PERMISOS_TRAMITACION>
<PERFIL_TAREA perfil_id="47" permiso="T"/></PERMISOS_TRAMITACION>
</TAREA_FASE><TAREA_FASE id="7" etiqueta="AUT_CARTAS" descripcion="Autorizaciones, cartas de apoyo y cartas de compromiso" obligatoria="N" tarea_id="6" fase_id="693" valida="S" informar="S">
<PERMISOS_TRAMITACION>
<PERFIL_TAREA perfil_id="47" permiso="T"/></PERMISOS_TRAMITACION>
</TAREA_FASE><TAREA_FASE id="8" etiqueta="CONVENIOS" descripcion="Convenios de colaboración" obligatoria="N" tarea_id="7" fase_id="693" valida="S" informar="S">
<PERMISOS_TRAMITACION>
<PERFIL_TAREA perfil_id="47" permiso="T"/></PERMISOS_TRAMITACION>
</TAREA_FASE><TAREA_FASE id="9" etiqueta="CON_FIN_ACU" descripcion="Documentación acreditativa de la concesión de financiación de las administraciones o instituciones públicas o privadas cofinanciadas del proyecto distintas a las provenientes del país o paises donde se vaya a desarrollar el proyecto." obligatoria="N" tarea_id="10" fase_id="693" valida="S" informar="S">
<PERMISOS_TRAMITACION>
<PERFIL_TAREA perfil_id="47" permiso="T"/></PERMISOS_TRAMITACION>
</TAREA_FASE><TAREA_FASE id="10" etiqueta="CV_PER_INT" descripcion="CV del personal que va a llevar a cabo la intervención (Proyectos de educación para el desarrollo y formación, investigacion e innovación)" obligatoria="N" tarea_id="8" fase_id="693" valida="S" informar="S">
<PERMISOS_TRAMITACION>
<PERFIL_TAREA perfil_id="47" permiso="T"/></PERMISOS_TRAMITACION>
</TAREA_FASE><TAREA_FASE id="11" etiqueta="DGN_PRO" descripcion="Diagnósticos de la problemática. (Proyectos de educación parad el desarrollo)" obligatoria="N" tarea_id="9" fase_id="693" valida="S" informar="S">
<PERMISOS_TRAMITACION>
<PERFIL_TAREA perfil_id="47" permiso="T"/></PERMISOS_TRAMITACION>
</TAREA_FASE><TAREA_FASE id="12" etiqueta="DOC_ACR_GID" descripcion="Documentación acreditativa de los gastos de identificación y formulación que se contiene en el artículo 10.1" obligatoria="N" tarea_id="12" fase_id="693" valida="S" informar="S">
<PERMISOS_TRAMITACION>
<PERFIL_TAREA perfil_id="47" permiso="T"/></PERMISOS_TRAMITACION>
</TAREA_FASE><TAREA_FASE id="13" etiqueta="DOC_AC_PVOL" descripcion="Documento de acuerdo de incorporación de personal voluntario utilizado por la Entidad, así como compromiso de su suscrición y entrega a la AACID." obligatoria="N" tarea_id="13" fase_id="693" valida="S" informar="S">
<PERMISOS_TRAMITACION>
<PERFIL_TAREA perfil_id="47" permiso="T"/></PERMISOS_TRAMITACION>
</TAREA_FASE><TAREA_FASE id="14" etiqueta="DOC_MAN_CON" descripcion="Documento de manifestación de la/s contraparte/s de haber intervenido en la identificación y formulación del proyecto y sus responsabilidades especificas en su ejecución." obligatoria="N" tarea_id="14" fase_id="693" valida="S" informar="S">
<PERMISOS_TRAMITACION>
<PERFIL_TAREA perfil_id="47" permiso="T"/></PERMISOS_TRAMITACION>
</TAREA_FASE><TAREA_FASE id="15" etiqueta="DOC_PER_RES" descripcion="Documentación acreditativa de la persona responsable del proyecto IP de estar en posesión del título de contratado doctor y, en su caso, del grupo de investigación al que pertenece. (Proyectos de investigación e innovación)." obligatoria="N" tarea_id="11" fase_id="693" valida="S" informar="S">
<PERMISOS_TRAMITACION>
<PERFIL_TAREA perfil_id="47" permiso="T"/></PERMISOS_TRAMITACION>
</TAREA_FASE><TAREA_FASE id="16" etiqueta="DOC_REL_CON" descripcion="Documentación a la que se refiere el artículo 3.1 e) de la Orden, relativa a las contrapartes" obligatoria="N" tarea_id="15" fase_id="693" valida="S" informar="S">
<PERMISOS_TRAMITACION>
<PERFIL_TAREA perfil_id="47" permiso="T"/></PERMISOS_TRAMITACION>
</TAREA_FASE><TAREA_FASE id="17" etiqueta="EXC_TRA_UNI" descripcion="Exclusión de no admisión a trámite de la solicitud" obligatoria="S" tarea_id="21" fase_id="691" valida="S" informar="N">
<PERMISOS_TRAMITACION>
<PERFIL_TAREA perfil_id="52"/><PERFIL_TAREA perfil_id="54"/></PERMISOS_TRAMITACION>
</TAREA_FASE><TAREA_FASE id="18" etiqueta="FOR_PRO_PRE" descripcion="Formulario del proyecto, y su presupuesto" obligatoria="N" tarea_id="16" fase_id="693" valida="S" informar="S">
<PERMISOS_TRAMITACION>
<PERFIL_TAREA perfil_id="47" permiso="T"/></PERMISOS_TRAMITACION>
</TAREA_FASE><TAREA_FASE id="19" etiqueta="NoDefinido" descripcion="Documento de libre aportación" obligatoria="N" tarea_id="17" fase_id="693" valida="S" informar="S">
<PERMISOS_TRAMITACION>
<PERFIL_TAREA perfil_id="47" permiso="T"/></PERMISOS_TRAMITACION>
</TAREA_FASE><TAREA_FASE id="20" etiqueta="PLA_SUB_SOL" descripcion="Plantilla de subsanaciones de la solicitud" obligatoria="N" tarea_id="18" fase_id="692" valida="S" informar="N">
<PERMISOS_TRAMITACION>
<PERFIL_TAREA perfil_id="52" permiso="T"/><PERFIL_TAREA perfil_id="54" permiso="T"/><PERFIL_TAREA perfil_id="55" permiso="T"/></PERMISOS_TRAMITACION>
</TAREA_FASE><TAREA_FASE id="21" etiqueta="SIS_ACT_INT" descripcion="Sistematizaciones de actuaciones anteriores relacionadas con la intervención. (Proyectos de educación para el desarrollo)" obligatoria="N" tarea_id="19" fase_id="693" valida="S" informar="S">
<PERMISOS_TRAMITACION>
<PERFIL_TAREA perfil_id="47" permiso="T"/></PERMISOS_TRAMITACION>
</TAREA_FASE><TAREA_FASE id="22" etiqueta="SUB_VAL_UNI" descripcion="Validación de la subsanación" obligatoria="N" tarea_id="22" fase_id="692" valida="S" informar="N">
<PERMISOS_TRAMITACION>
<PERFIL_TAREA perfil_id="54"/></PERMISOS_TRAMITACION>
</TAREA_FASE>
</TAREAS_FASE>
<CONDICIONES_TRAMITACION>
<CONDICIONES_TAREA>
<CONDICION_TAREA id="1" obligatoria="S" condicion_id="12" tareafase_id="20" comprobar="V" mostrar_msj="O" valida="S"/>
</CONDICIONES_TAREA>
</CONDICIONES_TRAMITACION>
<RAZONES_INTERES_DOCUMENTOS>
<RAZONES_INTERES_TAREAS>
<RAZON_INTERES_TAREA id="1" razoninteres_id="1" tareafase_id="1" cardinalidad_minima="0" cardinalidad_maxima="1" firma_minima="0" firma_maxima="1" editar="S" telematica="S"/>
<RAZON_INTERES_TAREA id="21" razoninteres_id="2" tareafase_id="1" cardinalidad_minima="1" cardinalidad_maxima="1" firma_minima="0" firma_maxima="1" editar="S" telematica="S"/>
</RAZONES_INTERES_TAREAS>
<RAZONES_INTERES_TAREAS>
<RAZON_INTERES_TAREA id="6" razoninteres_id="1" tareafase_id="2" cardinalidad_minima="0" cardinalidad_maxima="1" firma_minima="0" firma_maxima="1" editar="S" telematica="S"/>
<RAZON_INTERES_TAREA id="25" razoninteres_id="2" tareafase_id="2" cardinalidad_minima="1" cardinalidad_maxima="1" firma_minima="0" firma_maxima="1" editar="S" telematica="S"/>
</RAZONES_INTERES_TAREAS>
<RAZONES_INTERES_TAREAS>
<RAZON_INTERES_TAREA id="19" razoninteres_id="1" tareafase_id="3" cardinalidad_minima="0" cardinalidad_maxima="1" firma_minima="0" firma_maxima="1" editar="S" telematica="S"/>
<RAZON_INTERES_TAREA id="36" razoninteres_id="2" tareafase_id="3" cardinalidad_minima="1" cardinalidad_maxima="1" firma_minima="0" firma_maxima="1" editar="S" telematica="S"/>
</RAZONES_INTERES_TAREAS>
<RAZONES_INTERES_TAREAS>
<RAZON_INTERES_TAREA id="18" razoninteres_id="1" tareafase_id="4" cardinalidad_minima="0" cardinalidad_maxima="1" firma_minima="0" firma_maxima="1" editar="S" telematica="S"/>
<RAZON_INTERES_TAREA id="34" razoninteres_id="2" tareafase_id="4" cardinalidad_minima="1" cardinalidad_maxima="1" firma_minima="0" firma_maxima="1" editar="S" telematica="S"/>
</RAZONES_INTERES_TAREAS>
<RAZONES_INTERES_TAREAS>
<RAZON_INTERES_TAREA id="17" razoninteres_id="1" tareafase_id="5" cardinalidad_minima="0" cardinalidad_maxima="1" firma_minima="0" firma_maxima="1" editar="S" telematica="S"/>
<RAZON_INTERES_TAREA id="32" razoninteres_id="2" tareafase_id="5" cardinalidad_minima="1" cardinalidad_maxima="1" firma_minima="0" firma_maxima="1" editar="S" telematica="S"/>
</RAZONES_INTERES_TAREAS>
<RAZONES_INTERES_TAREAS>
<RAZON_INTERES_TAREA id="16" razoninteres_id="1" tareafase_id="6" cardinalidad_minima="0" cardinalidad_maxima="1" firma_minima="0" firma_maxima="1" editar="S" telematica="S"/>
<RAZON_INTERES_TAREA id="30" razoninteres_id="2" tareafase_id="6" cardinalidad_minima="1" cardinalidad_maxima="1" firma_minima="0" firma_maxima="1" editar="S" telematica="S"/>
</RAZONES_INTERES_TAREAS>
<RAZONES_INTERES_TAREAS>
<RAZON_INTERES_TAREA id="15" razoninteres_id="1" tareafase_id="7" cardinalidad_minima="0" cardinalidad_maxima="1" firma_minima="0" firma_maxima="1" editar="S" telematica="S"/>
<RAZON_INTERES_TAREA id="28" razoninteres_id="2" tareafase_id="7" cardinalidad_minima="1" cardinalidad_maxima="1" firma_minima="0" firma_maxima="1" editar="S" telematica="S"/>
</RAZONES_INTERES_TAREAS>
<RAZONES_INTERES_TAREAS>
<RAZON_INTERES_TAREA id="14" razoninteres_id="1" tareafase_id="8" cardinalidad_minima="0" cardinalidad_maxima="1" firma_minima="0" firma_maxima="1" editar="S" telematica="S"/>
<RAZON_INTERES_TAREA id="26" razoninteres_id="2" tareafase_id="8" cardinalidad_minima="1" cardinalidad_maxima="1" firma_minima="0" firma_maxima="1" editar="S" telematica="S"/>
</RAZONES_INTERES_TAREAS>
<RAZONES_INTERES_TAREAS>
<RAZON_INTERES_TAREA id="13" razoninteres_id="1" tareafase_id="9" cardinalidad_minima="0" cardinalidad_maxima="1" firma_minima="0" firma_maxima="1" editar="S" telematica="S"/>
<RAZON_INTERES_TAREA id="24" razoninteres_id="2" tareafase_id="9" cardinalidad_minima="1" cardinalidad_maxima="1" firma_minima="0" firma_maxima="1" editar="S" telematica="S"/>
</RAZONES_INTERES_TAREAS>
<RAZONES_INTERES_TAREAS>
<RAZON_INTERES_TAREA id="12" razoninteres_id="1" tareafase_id="10" cardinalidad_minima="0" cardinalidad_maxima="1" firma_minima="0" firma_maxima="1" editar="S" telematica="S"/>
<RAZON_INTERES_TAREA id="22" razoninteres_id="2" tareafase_id="10" cardinalidad_minima="1" cardinalidad_maxima="1" firma_minima="0" firma_maxima="1" editar="S" telematica="S"/>
</RAZONES_INTERES_TAREAS>
<RAZONES_INTERES_TAREAS>
<RAZON_INTERES_TAREA id="2" razoninteres_id="1" tareafase_id="11" cardinalidad_minima="0" cardinalidad_maxima="1" firma_minima="0" firma_maxima="1" editar="S" telematica="S"/>
<RAZON_INTERES_TAREA id="20" razoninteres_id="2" tareafase_id="11" cardinalidad_minima="1" cardinalidad_maxima="1" firma_minima="0" firma_maxima="1" editar="S" telematica="S"/>
</RAZONES_INTERES_TAREAS>
<RAZONES_INTERES_TAREAS>
<RAZON_INTERES_TAREA id="11" razoninteres_id="1" tareafase_id="12" cardinalidad_minima="0" cardinalidad_maxima="1" firma_minima="0" firma_maxima="1" editar="S" telematica="S"/>
<RAZON_INTERES_TAREA id="35" razoninteres_id="2" tareafase_id="12" cardinalidad_minima="1" cardinalidad_maxima="1" firma_minima="0" firma_maxima="1" editar="S" telematica="S"/>
</RAZONES_INTERES_TAREAS>
<RAZONES_INTERES_TAREAS>
<RAZON_INTERES_TAREA id="10" razoninteres_id="1" tareafase_id="13" cardinalidad_minima="0" cardinalidad_maxima="1" firma_minima="0" firma_maxima="1" editar="S" telematica="S"/>
<RAZON_INTERES_TAREA id="31" razoninteres_id="2" tareafase_id="13" cardinalidad_minima="1" cardinalidad_maxima="1" firma_minima="0" firma_maxima="1" editar="S" telematica="S"/>
</RAZONES_INTERES_TAREAS>
<RAZONES_INTERES_TAREAS>
<RAZON_INTERES_TAREA id="9" razoninteres_id="1" tareafase_id="14" cardinalidad_minima="0" cardinalidad_maxima="1" firma_minima="0" firma_maxima="1" editar="S" telematica="S"/>
<RAZON_INTERES_TAREA id="27" razoninteres_id="2" tareafase_id="14" cardinalidad_minima="1" cardinalidad_maxima="1" firma_minima="0" firma_maxima="1" editar="S" telematica="S"/>
</RAZONES_INTERES_TAREAS>
<RAZONES_INTERES_TAREAS>
<RAZON_INTERES_TAREA id="5" razoninteres_id="1" tareafase_id="15" cardinalidad_minima="0" cardinalidad_maxima="1" firma_minima="0" firma_maxima="1" editar="S" telematica="S"/>
<RAZON_INTERES_TAREA id="29" razoninteres_id="2" tareafase_id="15" cardinalidad_minima="1" cardinalidad_maxima="1" firma_minima="0" firma_maxima="1" editar="S" telematica="S"/>
</RAZONES_INTERES_TAREAS>
<RAZONES_INTERES_TAREAS>
<RAZON_INTERES_TAREA id="4" razoninteres_id="1" tareafase_id="16" cardinalidad_minima="0" cardinalidad_maxima="1" firma_minima="0" firma_maxima="1" editar="S" telematica="S"/>
<RAZON_INTERES_TAREA id="37" razoninteres_id="2" tareafase_id="16" cardinalidad_minima="1" cardinalidad_maxima="1" firma_minima="0" firma_maxima="1" editar="S" telematica="S"/>
</RAZONES_INTERES_TAREAS>
<RAZONES_INTERES_TAREAS>
<RAZON_INTERES_TAREA id="3" razoninteres_id="1" tareafase_id="18" cardinalidad_minima="0" cardinalidad_maxima="1" firma_minima="0" firma_maxima="1" editar="S" telematica="S"/>
<RAZON_INTERES_TAREA id="38" razoninteres_id="2" tareafase_id="18" cardinalidad_minima="1" cardinalidad_maxima="1" firma_minima="0" firma_maxima="1" editar="S" telematica="S"/>
</RAZONES_INTERES_TAREAS>
<RAZONES_INTERES_TAREAS>
<RAZON_INTERES_TAREA id="8" razoninteres_id="1" tareafase_id="19" cardinalidad_minima="0" cardinalidad_maxima="1" firma_minima="0" firma_maxima="1" editar="S" telematica="S"/>
<RAZON_INTERES_TAREA id="23" razoninteres_id="2" tareafase_id="19" cardinalidad_minima="1" cardinalidad_maxima="1" firma_minima="0" firma_maxima="1" editar="S" telematica="S"/>
</RAZONES_INTERES_TAREAS>
<RAZONES_INTERES_TAREAS>
<RAZON_INTERES_TAREA id="7" razoninteres_id="1" tareafase_id="21" cardinalidad_minima="0" cardinalidad_maxima="1" firma_minima="0" firma_maxima="1" editar="S" telematica="S"/>
<RAZON_INTERES_TAREA id="33" razoninteres_id="2" tareafase_id="21" cardinalidad_minima="1" cardinalidad_maxima="1" firma_minima="0" firma_maxima="1" editar="S" telematica="S"/>
</RAZONES_INTERES_TAREAS>
</RAZONES_INTERES_DOCUMENTOS>
<ORGANISMOS>
<ORGANISMO id="1" codigo="AACID" nombre="Agencia Andaluza de Cooperación" nombre_largo="Agencia Andaluza de Cooperación Internacional para el Desarrollo" tipo="SC"/>
</ORGANISMOS>
<DEFPROC_GR id="321" titulo="Subvenciones a las Universidades de Andalucía">
<GRAFICOS_METAFASE>
<METAFASE_GR id="659" metafase_id="377" xizq="0" yarr="0" ancho="50" alto="50" color_fondo="-39322" color_texto="-16777216"></METAFASE_GR>
<METAFASE_GR id="660" metafase_id="399" xizq="0" yarr="0" ancho="50" alto="50" color_fondo="-205" color_texto="-16777216"></METAFASE_GR>
</GRAFICOS_METAFASE>
<GRAFICOS_EXTREMOS_TRANSICION>
<EXTREMOTRAN_GR id="3203" tipo="FA" fase_id="692" xizq="647" yarr="-643" ancho="311" alto="110"/>
<EXTREMOTRAN_GR id="3206" tipo="I" fase_id="693" xizq="204" yarr="-959" ancho="53" alto="53"/>
<EXTREMOTRAN_GR id="3205" tipo="FA" fase_id="691" xizq="8" yarr="-644" ancho="450" alto="112"/>
<EXTREMOTRAN_GR id="3204" tipo="FA" fase_id="693" xizq="6" yarr="-852" ancho="446" alto="132"/>
</GRAFICOS_EXTREMOS_TRANSICION>
<GRAFICOS_TRANSICION>
<TRANSICION_GR id="2986" transicion_id="1167" extremotran_ini="3204" extremotran_fin="3205" color_linea="-16777216" color_texto="-16777216">
<NODOS_TRANSICION>
<NODO_TRANGR id="6546" x="227" y="-720" orden="0"/><NODO_TRANGR id="6547" x="226" y="-644" orden="1"/>
</NODOS_TRANSICION>
</TRANSICION_GR>
<TRANSICION_GR id="2985" transicion_id="1168" extremotran_ini="3205" extremotran_fin="3203" color_linea="-16777216" color_texto="-16777216">
<NODOS_TRANSICION>
<NODO_TRANGR id="6548" x="458" y="-590" orden="0"/><NODO_TRANGR id="6549" x="647" y="-589" orden="1"/>
</NODOS_TRANSICION>
</TRANSICION_GR>
<TRANSICION_GR id="2987" transicion_id="1169" extremotran_ini="3206" extremotran_fin="3204" color_linea="-16777216" color_texto="-16777216">
<NODOS_TRANSICION>
<NODO_TRANGR id="6550" x="231" y="-906" orden="0"/><NODO_TRANGR id="6551" x="230" y="-852" orden="1"/>
</NODOS_TRANSICION>
</TRANSICION_GR>
</GRAFICOS_TRANSICION>
<GRAFICOS_POST_IT>
</GRAFICOS_POST_IT>
</DEFPROC_GR>
</DEF_PROCEDIMIENTO>
