<?xml version='1.0' encoding='UTF-8' ?>
<!--Generado desde Model@ v3.3.1 [10255131ó6434592ó3418377]-->
<DEF_PROCEDIMIENTO id="56" nombre="CONV_UNIV" descripcion="Convocatoria Proyectos Universidades v1" codigo_rpa="22522" clasificacion="A01014190_PRO_000000000000000000000000022522" sistema="AACID" version="1.0.0" organo="1" organo_competente="1" organo_resuelve="1" organo_tramita="1" motor_tramita="TREW@" informar="S" descrip_ampliada="Convocatoria Proyectos Universidades v1" vigente="S" categoria="P">
<PERFILES_USUARIO>
<PERFIL_USUARIO id="4" nombre="TR_R_USUARIO" descripcion="Usuario de TREWA"/>
<PERFIL_USUARIO id="54" nombre="COORDINADOR" descripcion="COORDINADOR"/>
<PERFIL_USUARIO id="52" nombre="OEF" descripcion="OPERADOR ECONÓMICO FINANCIERO"/>
<PERFIL_USUARIO id="55" nombre="VALORADOR" descripcion="VALORADOR"/>
</PERFILES_USUARIO>
<BLOQUES>
<BLOQUE id="7543" nombre="GENERAR_LIS_EXC_PROV_UNIV" descripcion="Generar listado exclusiones provisionales " tipo="W" informar="N"></BLOQUE>
<BLOQUE id="7546" nombre="GENERAR_LIS_EXC_POS_SUB_UNIV" descripcion="Generar listado exclusiones tras las subsanciones" tipo="W" informar="N"></BLOQUE>
<BLOQUE id="6850" nombre="GENERAR_LIS_SOL_UNIV" descripcion="Generar listado de subsanaciones " tipo="W" informar="N"></BLOQUE>
<BLOQUE id="80" nombre="LISTAR_HIJOS_CONVOCATORIA" descripcion="Lista los expedientes relacionados hijos del expediente padre." tipo="W" informar="N"></BLOQUE>
<BLOQUE id="72" nombre="MODIFICAR_CONVOCATORIA_UNIV" descripcion="Tarea para modificar una convocatoria" tipo="W" informar="N"></BLOQUE>
</BLOQUES>
<RAZONES_INTERES_DEFPROC>
<RAZON_INTERES id="7121" abreviatura="REPLEGAL" descripcion="REPRESENTANTE" obsoleto="N" cardinalidad_minima="0" cardinalidad_maxima="1" comentario="" oblig_rel_app_elec="N"/>
<RAZON_INTERES id="7123" abreviatura="SOLICITANT" descripcion="SOLICITANTE" obsoleto="N" cardinalidad_minima="1" cardinalidad_maxima="1" comentario="" oblig_rel_app_elec="N"/>
</RAZONES_INTERES_DEFPROC>
<TIPOS_DOCUMENTOS>
<TIPO_DOCUMENTO id="7696" etiqueta="DOC_LIS_EXP" nombre="Documento listado de exclusiones provisionales" descripcion="Documento listado de exclusiones provisonales" cons_valida="N" ent_sal="E" inc_gen="I" multiple="N" fecha_firma="N" informar="S" archivable="N" versionable="N" reutilizable="N" registrable="S" notificable="N" administrativo="S" td_editable="S" modogen="R" clase_doc="G" tipo_eni="TD06" fusionar="N" firma_digital="S" firma_dinamica="N" informacion_publica="N" tipo_firma="C"></TIPO_DOCUMENTO>
<TIPO_DOCUMENTO id="7705" etiqueta="DOC_LIS_EXS" nombre="Documento listado exclusiones post subsanación" descripcion="Documento listado exclusiones post subsanación" cons_valida="N" ent_sal="E" inc_gen="I" multiple="N" fecha_firma="N" informar="S" archivable="N" versionable="N" reutilizable="N" registrable="S" notificable="N" administrativo="S" td_editable="S" modogen="R" clase_doc="G" tipo_eni="TD06" fusionar="N" firma_digital="S" firma_dinamica="N" informacion_publica="N" tipo_firma="C"></TIPO_DOCUMENTO>
<TIPO_DOCUMENTO id="1469" etiqueta="DOC_LIS_SUB" nombre="Documento listado de subsanaciones" descripcion="Generar documento listado de subsanaciones" cons_valida="N" ent_sal="E" inc_gen="I" multiple="N" fecha_firma="N" informar="S" archivable="N" versionable="N" reutilizable="N" registrable="S" notificable="N" administrativo="S" td_editable="S" modogen="O" clase_doc="G" tipo_eni="TD99" fusionar="N" firma_digital="S" firma_dinamica="N" informacion_publica="N" tipo_firma="C"></TIPO_DOCUMENTO>
</TIPOS_DOCUMENTOS>
<TAREAS>
<TAREA id="1" nombre="Documento listado de exclusiones provisionales" descripcion="Documento listado de exclusiones provisonales" tipo="INCORPORAR_DOCUMENTO" tipodoc_bloque_id="7696"/>
<TAREA id="2" nombre="Documento listado exclusiones post subsanación" descripcion="Documento listado exclusiones post subsanación" tipo="INCORPORAR_DOCUMENTO" tipodoc_bloque_id="7705"/>
<TAREA id="3" nombre="Documento listado de subsanaciones" descripcion="Generar documento listado de subsanaciones" tipo="INCORPORAR_DOCUMENTO" tipodoc_bloque_id="1469"/>
<TAREA id="4" nombre="GENERAR_LIS_EXC_PROV_UNIV" descripcion="Generar listado exclusiones provisionales " tipo="MANIPULAR_DATOS" tipodoc_bloque_id="7543"/>
<TAREA id="5" nombre="GENERAR_LIS_EXC_POS_SUB_UNIV" descripcion="Generar listado exclusiones tras las subsanciones" tipo="MANIPULAR_DATOS" tipodoc_bloque_id="7546"/>
<TAREA id="6" nombre="GENERAR_LIS_SOL_UNIV" descripcion="Generar listado de subsanaciones " tipo="MANIPULAR_DATOS" tipodoc_bloque_id="6850"/>
<TAREA id="7" nombre="LISTAR_HIJOS_CONVOCATORIA" descripcion="Lista los expedientes relacionados hijos del expediente padre." tipo="MANIPULAR_DATOS" tipodoc_bloque_id="80"/>
<TAREA id="8" nombre="MODIFICAR_CONVOCATORIA_UNIV" descripcion="Tarea para modificar una convocatoria" tipo="MANIPULAR_DATOS" tipodoc_bloque_id="72"/>
</TAREAS>
<METAFASES>
<METAFASE id="379" nombre="FASES_CONVOCATORIA" descripcion="FASES_CONVOCATORIA" informar="S">
<FASES>
<FASE id="650" nombre="C1. Inicio convocatoria subvención" descripcion="Inicio convocatoria subvención" informar="S" telematica="N" informacion_publica="N"></FASE>
<FASE id="674" nombre="C10. Resolución provisional y de desestimación" descripcion="Resolución provisional y de desestimación" informar="N" telematica="N" informacion_publica="N"></FASE>
<FASE id="659" nombre="C11. Validar documentación" descripcion="Validar documentación" informar="N" telematica="N" informacion_publica="N"></FASE>
<FASE id="668" nombre="C12. Requerimiento subsanación de documentación" descripcion="Requerimiento subsanación de documentación" informar="N" telematica="N" informacion_publica="N"></FASE>
<FASE id="669" nombre="C13. Comprobar subsanaciones a documentación" descripcion="Comprobar subsanaciones a documentación" informar="N" telematica="N" informacion_publica="N"></FASE>
<FASE id="667" nombre="C14. Resolución definitiva" descripcion="Resolución definitiva" informar="N" telematica="N" informacion_publica="N"></FASE>
<FASE id="652" nombre="C2. Presentación de solicitudes" descripcion="Presentación de solicitudes" informar="S" telematica="N" informacion_publica="N"></FASE>
<FASE id="653" nombre="C3. Comprobación requisitos" descripcion="Comprobación requisitos" informar="S" telematica="N" informacion_publica="N"></FASE>
<FASE id="670" nombre="C4. Requerimiento de subsanación" descripcion="Requerimiento de subsanación" informar="S" telematica="N" informacion_publica="N"></FASE>
<FASE id="655" nombre="C5. Comprobación subsanaciones" descripcion="Comprobación subsanaciones" informar="S" telematica="N" informacion_publica="N"></FASE>
<FASE id="672" nombre="C6. Resolución provisional solicitudes excluidas" descripcion="Resolución provisional solicitudes excluidas" informar="S" telematica="N" informacion_publica="N"></FASE>
<FASE id="671" nombre="C7. Comprobación de alegaciones" descripcion="Comprobación de alegaciones" informar="S" telematica="N" informacion_publica="N"></FASE>
<FASE id="656" nombre="C8. Resolución definitiva solicitudes excluidas" descripcion="Resolución definitiva solicitudes excluidas" informar="N" telematica="N" informacion_publica="N"></FASE>
<FASE id="673" nombre="C9. Valoración solicitudes" descripcion="Valoración solicitudes" informar="N" telematica="N" informacion_publica="N"></FASE>
</FASES>
</METAFASE>
</METAFASES>
<TRANSICIONES>
<TRANSICION id="1124" etiqueta="com_ale" descripcion="Comprobación de alegaciones" tipo="N" valida="S" informar="N" etiq_larga="com_ale">
<FASE_INI>
<FASE_ID id="672"/>
</FASE_INI>
<FASES_FIN>
<FASE_ID id="671"/>
</FASES_FIN>
<PERMISOS_TRAMITACION>
<PERFIL_TRANSICION perfil_id="4" permiso="A"/>
</PERMISOS_TRAMITACION></TRANSICION>
<TRANSICION id="1103" etiqueta="com_req" descripcion="Comprobación de requisitos" tipo="N" valida="N" informar="N" etiq_larga="com_req">
<FASE_INI>
<FASE_ID id="652"/>
</FASE_INI>
<FASES_FIN>
<FASE_ID id="653"/>
</FASES_FIN>
<PERMISOS_TRAMITACION>
<PERFIL_TRANSICION perfil_id="4" permiso="A"/>
</PERMISOS_TRAMITACION></TRANSICION>
<TRANSICION id="1123" etiqueta="com_sub" descripcion="Comprobación subsanaciones" tipo="N" valida="S" informar="N" etiq_larga="com_sub">
<FASE_INI>
<FASE_ID id="670"/>
</FASE_INI>
<FASES_FIN>
<FASE_ID id="655"/>
</FASES_FIN>
<PERMISOS_TRAMITACION>
<PERFIL_TRANSICION perfil_id="4" permiso="A"/>
</PERMISOS_TRAMITACION></TRANSICION>
<TRANSICION id="1132" etiqueta="com_sub_doc" descripcion="Comprobar subsanaciones a documentación" tipo="N" valida="S" informar="N" etiq_larga="com_sub_doc">
<FASE_INI>
<FASE_ID id="668"/>
</FASE_INI>
<FASES_FIN>
<FASE_ID id="669"/>
</FASES_FIN>
<PERMISOS_TRAMITACION>
<PERFIL_TRANSICION perfil_id="4" permiso="A"/>
</PERMISOS_TRAMITACION></TRANSICION>
<TRANSICION id="1134" etiqueta="fin_pro_con" descripcion="Fin del procedimiento de convocatoria" tipo="F" valida="S" informar="N" etiq_larga="fin_pro_con">
<FASE_INI>
<FASE_ID id="667"/>
</FASE_INI>
<PERMISOS_TRAMITACION>
<PERFIL_TRANSICION perfil_id="4" permiso="A"/>
</PERMISOS_TRAMITACION></TRANSICION>
<TRANSICION id="1105" etiqueta="ini_conv" descripcion="Inicio convocatoria subvención" tipo="I" valida="S" informar="N" etiq_larga="ini_conv">
<FASES_FIN>
<FASE_ID id="650"/>
</FASES_FIN>
<PERMISOS_TRAMITACION>
<PERFIL_TRANSICION perfil_id="54" permiso="A"/>
</PERMISOS_TRAMITACION></TRANSICION>
<TRANSICION id="1108" etiqueta="pre_sol" descripcion="Presentación de solicitudes" tipo="N" valida="S" informar="N" etiq_larga="pre_sol">
<FASE_INI>
<FASE_ID id="650"/>
</FASE_INI>
<FASES_FIN>
<FASE_ID id="652"/>
</FASES_FIN>
<PERMISOS_TRAMITACION>
<PERFIL_TRANSICION perfil_id="4" permiso="A"/>
</PERMISOS_TRAMITACION></TRANSICION>
<TRANSICION id="1125" etiqueta="req_sub" descripcion="Requerimiento de subsanación" tipo="N" valida="S" informar="N" etiq_larga="req_sub">
<FASE_INI>
<FASE_ID id="653"/>
</FASE_INI>
<FASES_FIN>
<FASE_ID id="670"/>
</FASES_FIN>
<PERMISOS_TRAMITACION>
<PERFIL_TRANSICION perfil_id="4" permiso="A"/>
</PERMISOS_TRAMITACION></TRANSICION>
<TRANSICION id="1131" etiqueta="req_sub_doc" descripcion="Requerimiento de subsanación de documentación" tipo="N" valida="S" informar="N" etiq_larga="req_sub_doc">
<FASE_INI>
<FASE_ID id="659"/>
</FASE_INI>
<FASES_FIN>
<FASE_ID id="668"/>
</FASES_FIN>
<PERMISOS_TRAMITACION>
<PERFIL_TRANSICION perfil_id="4" permiso="A"/>
</PERMISOS_TRAMITACION></TRANSICION>
<TRANSICION id="1133" etiqueta="res_def" descripcion="Resolución definitiva" tipo="N" valida="S" informar="N" etiq_larga="res_def">
<FASE_INI>
<FASE_ID id="669"/>
</FASE_INI>
<FASES_FIN>
<FASE_ID id="667"/>
</FASES_FIN>
<PERMISOS_TRAMITACION>
<PERFIL_TRANSICION perfil_id="4" permiso="A"/>
</PERMISOS_TRAMITACION></TRANSICION>
<TRANSICION id="1127" etiqueta="res_def_exc" descripcion="Resolución definitva de solicitudes excluidas" tipo="N" valida="S" informar="N" etiq_larga="res_def_exc">
<FASE_INI>
<FASE_ID id="671"/>
</FASE_INI>
<FASES_FIN>
<FASE_ID id="656"/>
</FASES_FIN>
<PERMISOS_TRAMITACION>
<PERFIL_TRANSICION perfil_id="4" permiso="A"/>
</PERMISOS_TRAMITACION></TRANSICION>
<TRANSICION id="1129" etiqueta="res_pro_des" descripcion="Resolución provisional de desestimación" tipo="N" valida="S" informar="N" etiq_larga="res_pro_des">
<FASE_INI>
<FASE_ID id="673"/>
</FASE_INI>
<FASES_FIN>
<FASE_ID id="674"/>
</FASES_FIN>
<PERMISOS_TRAMITACION>
<PERFIL_TRANSICION perfil_id="4" permiso="A"/>
</PERMISOS_TRAMITACION></TRANSICION>
<TRANSICION id="1126" etiqueta="res_pro_exc" descripcion="Resolución provisional solicitudes excluidas" tipo="N" valida="S" informar="N" etiq_larga="res_pro_exc">
<FASE_INI>
<FASE_ID id="655"/>
</FASE_INI>
<FASES_FIN>
<FASE_ID id="672"/>
</FASES_FIN>
<PERMISOS_TRAMITACION>
<PERFIL_TRANSICION perfil_id="4" permiso="A"/>
</PERMISOS_TRAMITACION></TRANSICION>
<TRANSICION id="1130" etiqueta="val_doc" descripcion="Validar documentación" tipo="N" valida="S" informar="N" etiq_larga="val_doc">
<FASE_INI>
<FASE_ID id="674"/>
</FASE_INI>
<FASES_FIN>
<FASE_ID id="659"/>
</FASES_FIN>
<PERMISOS_TRAMITACION>
<PERFIL_TRANSICION perfil_id="4" permiso="A"/>
</PERMISOS_TRAMITACION></TRANSICION>
<TRANSICION id="1128" etiqueta="val_sol" descripcion="Valoración de solicitudes" tipo="N" valida="S" informar="N" etiq_larga="val_sol">
<FASE_INI>
<FASE_ID id="656"/>
</FASE_INI>
<FASES_FIN>
<FASE_ID id="673"/>
</FASES_FIN>
<PERMISOS_TRAMITACION>
<PERFIL_TRANSICION perfil_id="4" permiso="A"/>
</PERMISOS_TRAMITACION></TRANSICION>
</TRANSICIONES>
<TAREAS_FASE>
<TAREA_FASE id="1" etiqueta="DOC_LIS_EXP" descripcion="Documento listado de exclusiones provisonales" obligatoria="S" tarea_id="1" fase_id="672" valida="S" informar="N">
<PERMISOS_TRAMITACION>
<PERFIL_TAREA perfil_id="54" permiso="T"/><PERFIL_TAREA perfil_id="52" permiso="T"/><PERFIL_TAREA perfil_id="55" permiso="T"/></PERMISOS_TRAMITACION>
</TAREA_FASE><TAREA_FASE id="2" etiqueta="DOC_LIS_EXS" descripcion="Documento listado exclusiones post subsanación" obligatoria="S" tarea_id="2" fase_id="672" valida="S" informar="N">
<PERMISOS_TRAMITACION>
<PERFIL_TAREA perfil_id="54" permiso="T"/><PERFIL_TAREA perfil_id="52" permiso="T"/><PERFIL_TAREA perfil_id="55" permiso="T"/></PERMISOS_TRAMITACION>
</TAREA_FASE><TAREA_FASE id="3" etiqueta="DOC_LIS_SUB" descripcion="Generar documento listado de subsanaciones" obligatoria="S" tarea_id="3" fase_id="670" valida="S" informar="S">
<PERMISOS_TRAMITACION>
<PERFIL_TAREA perfil_id="52" permiso="T"/><PERFIL_TAREA perfil_id="54" permiso="T"/><PERFIL_TAREA perfil_id="55" permiso="T"/></PERMISOS_TRAMITACION>
</TAREA_FASE><TAREA_FASE id="4" etiqueta="GEN_LIS_EXC" descripcion="Generar listado exclusiones provisionales " obligatoria="N" tarea_id="4" fase_id="672" valida="S" informar="N">
<PERMISOS_TRAMITACION>
<PERFIL_TAREA perfil_id="54"/><PERFIL_TAREA perfil_id="52"/><PERFIL_TAREA perfil_id="55"/></PERMISOS_TRAMITACION>
</TAREA_FASE><TAREA_FASE id="5" etiqueta="GEN_LIS_EXS" descripcion="Generar listado exclusiones tras las subsanciones" obligatoria="N" tarea_id="5" fase_id="672" valida="S" informar="N">
<PERMISOS_TRAMITACION>
<PERFIL_TAREA perfil_id="55"/><PERFIL_TAREA perfil_id="52"/><PERFIL_TAREA perfil_id="54"/></PERMISOS_TRAMITACION>
</TAREA_FASE><TAREA_FASE id="6" etiqueta="GEN_LIS_SOL" descripcion="Generar listado de subsanaciones " obligatoria="N" tarea_id="6" fase_id="670" valida="S" informar="N">
<PERMISOS_TRAMITACION>
<PERFIL_TAREA perfil_id="52"/><PERFIL_TAREA perfil_id="54"/><PERFIL_TAREA perfil_id="55"/></PERMISOS_TRAMITACION>
</TAREA_FASE><TAREA_FASE id="7" etiqueta="list_h_conv" descripcion="Lista los expedientes relacionados hijos del expediente padre." obligatoria="N" tarea_id="7" fase_id="652" valida="S" informar="N">
<PERMISOS_TRAMITACION>
<PERFIL_TAREA perfil_id="54"/></PERMISOS_TRAMITACION>
</TAREA_FASE><TAREA_FASE id="8" etiqueta="tar_mod_con" descripcion="Tarea para modificar una convocatoria" obligatoria="S" tarea_id="8" fase_id="650" valida="S" informar="N">
<PERMISOS_TRAMITACION>
<PERFIL_TAREA perfil_id="54"/></PERMISOS_TRAMITACION>
</TAREA_FASE>
</TAREAS_FASE>
<RAZONES_INTERES_DOCUMENTOS>
<RAZONES_INTERES_TAREAS>
<RAZON_INTERES_TAREA id="7796" razoninteres_id="7123" tareafase_id="1" cardinalidad_minima="1" cardinalidad_maxima="1" firma_minima="0" firma_maxima="1" editar="S" telematica="S"/>
</RAZONES_INTERES_TAREAS>
<RAZONES_INTERES_TAREAS>
<RAZON_INTERES_TAREA id="7804" razoninteres_id="7123" tareafase_id="2" cardinalidad_minima="1" cardinalidad_maxima="1" firma_minima="0" firma_maxima="1" editar="S" telematica="S"/>
</RAZONES_INTERES_TAREAS>
<RAZONES_INTERES_TAREAS>
<RAZON_INTERES_TAREA id="7159" razoninteres_id="7121" tareafase_id="3" cardinalidad_minima="0" cardinalidad_maxima="1" firma_minima="0" firma_maxima="1" editar="S" telematica="S"/>
<RAZON_INTERES_TAREA id="7162" razoninteres_id="7123" tareafase_id="3" cardinalidad_minima="1" cardinalidad_maxima="1" firma_minima="0" firma_maxima="1" editar="S" telematica="S"/>
</RAZONES_INTERES_TAREAS>
</RAZONES_INTERES_DOCUMENTOS>
<ORGANISMOS>
<ORGANISMO id="1" codigo="AACID" nombre="Agencia Andaluza de Cooperación" nombre_largo="Agencia Andaluza de Cooperación Internacional para el Desarrollo" tipo="SC"/>
</ORGANISMOS>
<DEFPROC_GR id="350" titulo="Convocatoria Proyectos Universidades v1">
<GRAFICOS_METAFASE>
<METAFASE_GR id="710" metafase_id="379" xizq="0" yarr="0" ancho="50" alto="50" color_fondo="-16711936" color_texto="-16777216"></METAFASE_GR>
</GRAFICOS_METAFASE>
<GRAFICOS_EXTREMOS_TRANSICION>
<EXTREMOTRAN_GR id="3403" tipo="FA" fase_id="650" xizq="-100" yarr="-107" ancho="320" alto="84"/>
<EXTREMOTRAN_GR id="3418" tipo="F" fase_id="667" xizq="989" yarr="317" ancho="53" alto="53"/>
<EXTREMOTRAN_GR id="3405" tipo="FA" fase_id="652" xizq="-102" yarr="23" ancho="322" alto="78"/>
<EXTREMOTRAN_GR id="3406" tipo="FA" fase_id="671" xizq="-95" yarr="619" ancho="309" alto="64"/>
<EXTREMOTRAN_GR id="3407" tipo="FA" fase_id="670" xizq="-97" yarr="264" ancho="317" alto="78"/>
<EXTREMOTRAN_GR id="3408" tipo="FA" fase_id="655" xizq="-97" yarr="387" ancho="317" alto="71"/>
<EXTREMOTRAN_GR id="3409" tipo="FA" fase_id="672" xizq="-101" yarr="503" ancho="324" alto="78"/>
<EXTREMOTRAN_GR id="3410" tipo="FA" fase_id="653" xizq="-99" yarr="146" ancho="320" alto="63"/>
<EXTREMOTRAN_GR id="3411" tipo="FA" fase_id="656" xizq="391" yarr="619" ancho="304" alto="64"/>
<EXTREMOTRAN_GR id="3412" tipo="FA" fase_id="673" xizq="393" yarr="458" ancho="296" alto="75"/>
<EXTREMOTRAN_GR id="3413" tipo="FA" fase_id="674" xizq="394" yarr="296" ancho="302" alto="75"/>
<EXTREMOTRAN_GR id="3414" tipo="FA" fase_id="659" xizq="399" yarr="140" ancho="293" alto="75"/>
<EXTREMOTRAN_GR id="3415" tipo="FA" fase_id="668" xizq="400" yarr="-22" ancho="293" alto="75"/>
<EXTREMOTRAN_GR id="3416" tipo="FA" fase_id="669" xizq="890" yarr="-26" ancho="250" alto="75"/>
<EXTREMOTRAN_GR id="3417" tipo="FA" fase_id="667" xizq="889" yarr="140" ancho="250" alto="75"/>
<EXTREMOTRAN_GR id="3404" tipo="I" fase_id="650" xizq="5" yarr="-211" ancho="53" alto="53"/>
</GRAFICOS_EXTREMOS_TRANSICION>
<GRAFICOS_TRANSICION>
<TRANSICION_GR id="3156" transicion_id="1103" extremotran_ini="3405" extremotran_fin="3410" color_linea="-16777216" color_texto="-16777216">
<NODOS_TRANSICION>
<NODO_TRANGR id="16753" x="19" y="101" orden="0"/><NODO_TRANGR id="16754" x="19" y="146" orden="1"/>
</NODOS_TRANSICION>
</TRANSICION_GR>
<TRANSICION_GR id="3157" transicion_id="1105" extremotran_ini="3404" extremotran_fin="3403" color_linea="-16777216" color_texto="-16777216">
<NODOS_TRANSICION>
<NODO_TRANGR id="16755" x="32" y="-158" orden="0"/><NODO_TRANGR id="16756" x="31" y="-107" orden="1"/>
</NODOS_TRANSICION>
</TRANSICION_GR>
<TRANSICION_GR id="3158" transicion_id="1108" extremotran_ini="3403" extremotran_fin="3405" color_linea="-16777216" color_texto="-16777216">
<NODOS_TRANSICION>
<NODO_TRANGR id="16757" x="25" y="-23" orden="0"/><NODO_TRANGR id="16758" x="25" y="23" orden="1"/>
</NODOS_TRANSICION>
</TRANSICION_GR>
<TRANSICION_GR id="3159" transicion_id="1123" extremotran_ini="3407" extremotran_fin="3408" color_linea="-16777216" color_texto="-16777216">
<NODOS_TRANSICION>
<NODO_TRANGR id="16759" x="10" y="342" orden="0"/><NODO_TRANGR id="16760" x="10" y="387" orden="1"/>
</NODOS_TRANSICION>
</TRANSICION_GR>
<TRANSICION_GR id="3160" transicion_id="1124" extremotran_ini="3409" extremotran_fin="3406" color_linea="-16777216" color_texto="-16777216">
<NODOS_TRANSICION>
<NODO_TRANGR id="16761" x="12" y="581" orden="0"/><NODO_TRANGR id="16762" x="12" y="619" orden="1"/>
</NODOS_TRANSICION>
</TRANSICION_GR>
<TRANSICION_GR id="3161" transicion_id="1125" extremotran_ini="3410" extremotran_fin="3407" color_linea="-16777216" color_texto="-16777216">
<NODOS_TRANSICION>
<NODO_TRANGR id="16763" x="11" y="209" orden="0"/><NODO_TRANGR id="16764" x="11" y="264" orden="1"/>
</NODOS_TRANSICION>
</TRANSICION_GR>
<TRANSICION_GR id="3162" transicion_id="1126" extremotran_ini="3408" extremotran_fin="3409" color_linea="-16777216" color_texto="-16777216">
<NODOS_TRANSICION>
<NODO_TRANGR id="16765" x="11" y="458" orden="0"/><NODO_TRANGR id="16766" x="11" y="503" orden="1"/>
</NODOS_TRANSICION>
</TRANSICION_GR>
<TRANSICION_GR id="3163" transicion_id="1127" extremotran_ini="3406" extremotran_fin="3411" color_linea="-16777216" color_texto="-16777216">
<NODOS_TRANSICION>
<NODO_TRANGR id="16767" x="214" y="646" orden="0"/><NODO_TRANGR id="16768" x="387" y="646" orden="1"/><NODO_TRANGR id="16769" x="391" y="647" orden="2"/>
</NODOS_TRANSICION>
</TRANSICION_GR>
<TRANSICION_GR id="3164" transicion_id="1128" extremotran_ini="3411" extremotran_fin="3412" color_linea="-16777216" color_texto="-16777216">
<NODOS_TRANSICION>
<NODO_TRANGR id="16770" x="540" y="619" orden="0"/><NODO_TRANGR id="16771" x="542" y="533" orden="1"/>
</NODOS_TRANSICION>
</TRANSICION_GR>
<TRANSICION_GR id="3165" transicion_id="1129" extremotran_ini="3412" extremotran_fin="3413" color_linea="-16777216" color_texto="-16777216">
<NODOS_TRANSICION>
<NODO_TRANGR id="16772" x="527" y="458" orden="0"/><NODO_TRANGR id="16773" x="527" y="371" orden="1"/>
</NODOS_TRANSICION>
</TRANSICION_GR>
<TRANSICION_GR id="3166" transicion_id="1130" extremotran_ini="3413" extremotran_fin="3414" color_linea="-16777216" color_texto="-16777216">
<NODOS_TRANSICION>
<NODO_TRANGR id="16774" x="532" y="296" orden="0"/><NODO_TRANGR id="16775" x="531" y="215" orden="1"/>
</NODOS_TRANSICION>
</TRANSICION_GR>
<TRANSICION_GR id="3167" transicion_id="1131" extremotran_ini="3414" extremotran_fin="3415" color_linea="-16777216" color_texto="-16777216">
<NODOS_TRANSICION>
<NODO_TRANGR id="16776" x="532" y="140" orden="0"/><NODO_TRANGR id="16777" x="531" y="53" orden="1"/>
</NODOS_TRANSICION>
</TRANSICION_GR>
<TRANSICION_GR id="3168" transicion_id="1132" extremotran_ini="3415" extremotran_fin="3416" color_linea="-16777216" color_texto="-16777216">
<NODOS_TRANSICION>
<NODO_TRANGR id="16778" x="693" y="21" orden="0"/><NODO_TRANGR id="16779" x="890" y="22" orden="1"/>
</NODOS_TRANSICION>
</TRANSICION_GR>
<TRANSICION_GR id="3169" transicion_id="1133" extremotran_ini="3416" extremotran_fin="3417" color_linea="-16777216" color_texto="-16777216">
<NODOS_TRANSICION>
<NODO_TRANGR id="16780" x="1017" y="49" orden="0"/><NODO_TRANGR id="16781" x="1017" y="140" orden="1"/>
</NODOS_TRANSICION>
</TRANSICION_GR>
<TRANSICION_GR id="3170" transicion_id="1134" extremotran_ini="3417" extremotran_fin="3418" color_linea="-16777216" color_texto="-16777216">
<NODOS_TRANSICION>
<NODO_TRANGR id="16782" x="1017" y="215" orden="0"/><NODO_TRANGR id="16783" x="1015" y="317" orden="1"/>
</NODOS_TRANSICION>
</TRANSICION_GR>
</GRAFICOS_TRANSICION>
<GRAFICOS_POST_IT>
</GRAFICOS_POST_IT>
</DEFPROC_GR>
</DEF_PROCEDIMIENTO>
